posX,posY,posZ,vx,vy,vz,angleFromWorldX
-1.3243564456645025e-8,2.4920351766777453,-8.623433374015629e-10,-7.946138673987015e-7,-0.1778893993352574,-5.174060024409378e-8,0
-1.9610645658182156e-8,2.4920058296798846,-1.3748508565121342e-9,-8.634227556968862e-8,-0.17965021920692076,-7.342276701090365e-9,0
-2.6933747934613143e-8,2.492005826859316,-1.9977100830383656e-9,-1.2585179598481596e-7,-0.17965038844101222,-1.0704248431224468e-8,0
-3.7616377782989986e-8,2.4920058268590446,-2.906314680367878e-9,-1.8359046946427946e-7,-0.17965038845728729,-1.561517576275373e-8,0
-5.320001817851273e-8,2.492005826859044,-4.231771862400672e-9,-2.678186837161202e-7,-0.1796503884572952,-2.277915703414873e-8,8.537736462515939e-7
-7.593317011330517e-8,2.492005826859044,-6.165326591618099e-9,-3.9068938018272723e-7,-0.17965038845731054,-3.3229854384429775e-8,0.0000017075472925031877
-1.0909590904164168e-7,2.4920058268590424,-8.985963849304415e-9,-5.69931085608144e-7,-0.1796503884573344,-4.8475154683388927e-8,0.0000024148365394514667
-1.5747315374261287e-7,2.4920058268590397,-1.3100662381413785e-8,-8.31405861529864e-7,-0.17965038845736828,-7.071474782782006e-8,0.00000352019892386405
-2.280450629212862e-7,2.492005826859034,-1.9103116078954525e-8,-0.0000012128408564484718,-0.17965038845743603,-1.0315749717034336e-7,0.000005122641877509565
-3.309941746019232e-7,2.492005826859023,-2.7859396070115242e-8,-0.0000017692718003801881,-0.17965038845755368,-1.504844512685093e-7,0.000007491833340751661
-4.811746033315004e-7,2.4920058268589984,-4.063291312944894e-8,-0.000002580983875685409,-0.1796503884577776,-2.1952424444572762e-7,0.000010900252224719401
-7.00255280908298e-7,2.492005826858948,-5.926671157375085e-8,-0.0000037650957662706057,-0.1796503884582237,-3.202384051452734e-7,0.000015972642350651042
-0.0000010198464792985195,2.492005826858843,-8.644939724238137e-8,-0.000005492458210711888,-0.17965038845910067,-4.671586690178989e-7,0.000023272184538673578
-0.0000014860607291692982,2.4920058268586183,-1.261030715173175e-7,-0.000008012305388623717,-0.1796503884608734,-6.814837854601826e-7,0.00003395830344041665
-0.0000021661662103253633,2.4920058268581444,-1.8394924736023308e-7,-0.00001168821588408941,-0.17965038846452921,-9.94138306256177e-7,0.00004955565840653143
-0.0000031582926039340354,2.4920058268571386,-2.683344090681397e-7,-0.000017050571950487495,-0.17965038847209944,-0.000001450234834724322,0.00007229401135552393
-0.0000046055898224043965,2.4920058268550025,-3.914343470400874e-7,-0.000024873086145787254,-0.1796503884879207,-0.0000021155837035146386,0.00010546437460213285
-0.000006716882518505368,2.492005826850464,-5.710110685973859e-7,-0.00003628443702948953,-0.17965038852118648,-0.0000030861896524927694,0.00015385465414863457
-0.00000979680051861551,2.492005826840815,-8.329758510657093e-7,-0.00005293112126907895,-0.17965038859136545,-0.00000450210650831386,0.0002244401876089266
-0.000014289732556591869,2.492005826820296,-0.0000012151283954856773,-0.00007721501918429625,-0.17965038873983583,-0.000006567650331295912,0.0003274107835173909
-0.000020843945166230197,2.4920058267766527,-0.0000017726118989828648,-0.00011263995059443146,-0.17965038905450376,-0.000009580890767255779,0.0004776220697618199
-0.00003040511808396643,2.4920058266838105,-0.00000258587179609873,-0.00016431722304303733,-0.1796503897222624,-0.0000139766825809326,0.0006967457316711677
-0.000044352791783632,2.4920058264862828,-0.0000037722679093459624,-0.00023970311355443348,-0.17965039114054868,-0.000020389460720877882,0.0010163977142615367
-0.00006469941412866972,2.4920058260660056,-0.000005503018468668099,-0.00034967468724191085,-0.1796503941547532,-0.00002974489022542484,0.0014826973447182156
-0.0000943807047568869,2.4920058251717427,-0.000008027927145585648,-0.0005100991676887251,-0.1796504005633054,-0.000043393660424894584,0.0021629190563085864
-0.000137679230518196,2.492005823268888,-0.000011711474401286565,-0.0007441232745357154,-0.17965041419250444,-0.00006330686773823776,0.0031551990306754422
-0.0002008423032878131,2.4920058192198433,-0.000017085509422572454,-0.0010855127991741737,-0.17965044318363027,-0.00009236147534258087,0.004602685255367447
-0.00029298334415665177,2.4920058106039384,-0.000024926206624365954,-0.0015835241687534288,-0.17965050485974765,-0.00013475766976774877,0.006714179313286616
-0.0004273967468325955,2.492005792270431,-0.00003636652080934821,-0.0023100106744421835,-0.17965063608206,-0.00019662967818140153,0.009794232846567986
-0.0006234586090630438,2.4920057523397183,-0.00005306060015725639,-0.0033694461083447163,-0.1796509706193761,-0.00028695114018871857,0.014286728613161798
-0.0009094874747589118,2.492005670680653,-0.00007742391894949871,-0.004915645655729007,-0.17965148420942234,-0.000418783105706799,0.020839889047176124
-0.0013267374912996834,2.492005494556897,-0.00011298750955470664,-0.007170782099443191,-0.17965271998376792,-0.0006113577106907972,0.030398006130073988
-0.0019354168335040853,2.492005120619026,-0.00016491528589209428,-0.010460615790993902,-0.1796553039453229,-0.0008927790503923392,0.04433808952663516
-0.0028233338092737963,2.4920043248190327,-0.00024077015680415762,-0.01525954861768897,-0.179660824687865,-0.00130438663762575,0.06466648639515768
-0.004033929905622207,2.492450727631068,-0.00031717119833279245,-0.019279008001079203,-0.1812450081508308,-0.001093348765138777,0.09248757957590492
-0.005325642793794187,2.493670964618715,-0.00039164980941664785,-0.020003585680725394,-0.180702074089657,-0.0011866595659844462,0.12333530490963392
-0.003508393268558424,2.495540184428318,-0.0005041137953255766,0.10692220405114498,-0.28766242208826237,-0.002691705881641932,0.08164191488788368
-0.004393050655809226,2.4932856104898122,-0.0005766998193711096,-0.01566499928151944,-0.17754848887678623,0.000012684116865539043,0.10208905061691974
-0.005533685266836229,2.4940624807555847,-0.0005827260033193953,-0.017491264178075398,-0.17933051899278935,-0.000049587635827058726,0.1282094167201333
-0.0034508806388656465,2.4940075251673384,-0.0007599898626044547,-0.009037006613887236,-0.17084793826797257,-0.0026195595395834994,0.08072440537335984
-0.004413115556728298,2.493232527169069,-0.0008283415966140256,-0.015750019607215355,-0.17751615305306218,-0.00011489589894114304,0.10384299463498466
-0.005503285571470648,2.4952099539064485,-0.000827867165921322,-0.0165555579274713,-0.178454563030393,0.0000141166941137363,0.12881742525869963
-0.003323642036824918,2.4939626099196817,-0.0010982151944950419,-0.007031428253920984,-0.17141363669112752,-0.0033183106321903865,0.08049923811133083
-0.00425903031953779,2.4931871755607053,-0.00119180025317109,-0.016064650611549675,-0.17630004845267083,-0.0016467034938547392,0.10192147629663227
-0.00535673071977131,2.495167916353771,-0.0012842432853389391,-0.01651986281393637,-0.17698263452090723,-0.0014250520661827537,0.1269966192455829
-0.0022984738859527457,2.494495640585229,-0.0007960344226496068,0.046527454746209826,-0.16562108357468575,0.0503817979311931,0.05707726166738116
-0.0030331298565496453,2.4923522339767294,-0.0008583549561340439,-0.014029792366378777,-0.17758135115501192,-0.0016942422320647373,0.07387307361999502
-0.004058867460350487,2.4928521951932465,-0.0008848163656421732,-0.01590720106589242,-0.17779481459884108,0.000006909342417377459,0.09736020746922928
-0.005141370452210995,2.493847039358076,-0.0008845278848310227,-0.01634229626670215,-0.17822144383572955,-0.0000051658088697528535,0.12215418665674754
-0.003113342175195458,2.4952909506098555,-0.0011226919851197465,0.10819946361491374,-0.2885438005708037,-0.006572576581597906,0.07582247413878933
-0.0038279422744185985,2.493054092592933,-0.0012291916476096466,-0.013747751720987729,-0.17562518104992192,-0.000842281429168479,0.09394098947480951
-0.004817441060136733,2.4937151100874053,-0.0012579107844905503,-0.01516535745563789,-0.17665550614161304,-0.0003946121087883337,0.1165907784791497
-0.004763862324416985,2.4968627092924613,-0.001491308889808501,0.04530969368294036,-0.23495978905875337,-0.008817087380477427,0.11540729432157554
-0.0024589748214813726,2.4925270570838824,-0.0008209396327612499,-0.010613623452264161,-0.17280832206993593,-0.0006881061503796196,0.0627109426353419
-0.0033880969540839526,2.4925085440072325,-0.0009251400808464105,-0.014972208029185351,-0.17718732158762165,-0.0007915224315630916,0.08396849193513573
-0.0044366976181192865,2.493273323446691,-0.0009328139695517292,-0.015915092947215978,-0.1778004775747117,0.000003129311781954835,0.10797411979685806
-0.005481611400828834,2.4957959091499,-0.0009611941780475383,-0.01455883953188295,-0.17477475021629751,-0.0016704277229035007,0.13190260769047876
-0.0032073505203223398,2.49325080313195,-0.0012701624099109151,-0.010851412182722824,-0.1713827813634292,-0.0014535542663383241,0.081897438931982
-0.004087217827622596,2.493194374515515,-0.0012834639938906144,-0.01423369398110507,-0.17610131123566533,-0.00025397041139746255,0.10201098734010607
-0.005065511734753235,2.495110507277982,-0.00129746744144285,-0.014871493564252146,-0.17648203464058956,-0.0002749342695135022,0.12440782371841992
-0.002935923787778689,2.49528725170536,-0.0016914654065042468,0.10841877537936599,-0.28861513323713983,-0.009954992651227597,0.07579533673255957
-0.002633957956389722,2.4924100497407555,-0.0008954889053364789,-0.012450158684182519,-0.1762188807001684,-0.0019393317761883984,0.06888439533648444
-0.003591150900392318,2.4926804836999232,-0.0009646642573788813,-0.01519041679296402,-0.17682381141496728,-0.00024518016280141656,0.09077232048276422
-0.004630034713017256,2.4935594125642773,-0.0009663493312454238,-0.015731761262093025,-0.17761893671214904,-4.377225068744552e-7,0.11454679640886413
-0.00464749714175282,2.4968207388070125,-0.0011098891004346933,0.04490998313376621,-0.23588284117916794,-0.0068683632088541325,0.11498221710086269
-0.0033119428751223817,2.4930284811683823,-0.0013389349116796228,-0.011907674026469755,-0.17314801391908075,-0.0006379364861923534,0.08661061986239378
-0.0042248577489191344,2.4933923057909086,-0.00136507294506699,-0.01419721790302619,-0.1758598011230764,-0.000327084397213139,0.10745188462078982
-0.005125391753693832,2.4958910762262727,-0.0014501777200246978,-0.012327411689309998,-0.17158250828393723,-0.002631826597239991,0.12805904121875172
-0.0019814759529169397,2.4944685965421183,-0.0010307150812108737,0.04651541359272995,-0.16464251672094293,0.049401155586655365,0.056322773223622925
-0.002623264627475301,2.4924530382300314,-0.0011551717654767928,-0.01228687013531534,-0.17703320048970103,-0.0028653857897802493,0.07096096516953895
-0.0035302204783190746,2.492795543039889,-0.0012630637683792498,-0.014492450931619754,-0.17558316310339067,-0.0007913051634878719,0.09168293967769162
-0.00452215755812283,2.493615768972106,-0.001300879596253131,-0.015010726407037338,-0.17634424215202096,-0.0005517926885886133,0.11437277784398653
-0.004459113575736752,2.4967531722460867,-0.0015545451597661969,0.04530088141313736,-0.23490276573267693,-0.00944429094950032,0.1129695160917285
-0.0035506445373514215,2.495068592058109,-0.00018021925446770002,0.012039937342832855,-0.1711652628387447,0.02138324163107431,0.09217875152855948
-0.004514931320745463,2.4936791520485673,-0.00017185773995030223,-0.016917537249900586,-0.17882120301232174,0.0000033774375846191053,0.11427370276849835
-0.005719185069762138,2.4956769165940704,-0.00017090653551293764,-0.018361451297112787,-0.180296609652946,0.000047489171896507444,0.14181914269884435
-0.0035761221706504327,2.4936413305470264,-0.00030303991858142106,-0.013477926397611082,-0.17538935396683472,-0.0017119197351661533,0.09302612394875666
-0.004684908983341472,2.493724105198989,-0.0003342687237241862,-0.017393918621134808,-0.1791851952250248,-0.00009103490065564693,0.11922958236871878
-0.00274500916593607,2.495239650365589,-0.00044602143465729004,0.10801820386843654,-0.28869710135757576,-0.0034481930858517363,0.07499951814322936
-0.0036157670599440877,2.4929968280906003,-0.000551999092797962,-0.015690460782556703,-0.17763405412841682,-0.0009432100881307634,0.09575527669288343
-0.004725000734877926,2.4937794051275715,-0.0005640506048919238,-0.016969620161299787,-0.17873259146421783,-0.00013526303902475714,0.12111126228497224
-0.0027633664179399593,2.495299626384269,-0.0007405879427103833,0.10810590828249522,-0.28872030993143205,-0.005389000352610589,0.07640725820811897
-0.003550962221766784,2.493050724406341,-0.0008259440791731957,-0.013972681339526612,-0.1758828741535092,0.000032525826628188064,0.09456666231209476
-0.004574348694749887,2.493721022032572,-0.0008255871293891901,-0.015743289924818594,-0.17763600717442307,0.000007282576962040406,0.11795727183721445
-0.004595837890729229,2.4969672844965043,-0.0009611872275111716,0.044888156075208845,-0.2358972883825775,-0.006497187859658674,0.11848570283129682
-0.002326252119396299,2.492570906438041,-0.0002023802256538251,-0.012014212376167862,-0.17382195045797247,-0.00011988665408797557,0.06673398089016594
-0.003407185349944013,2.4925240940394566,-0.00020420724501222926,-0.017459958771906783,-0.17934434663783605,5.708935597995755e-7,0.09138608447511361
-0.004608176592988628,2.4935767950993033,-0.0002037295864636474,-0.01817590087532268,-0.18007112692999042,0.000009368847267282003,0.11883405172125827
-0.004799797044545195,2.497119310428074,-0.0002504223955044955,0.043262266540882235,-0.2376199872204448,-0.002792125642851456,0.12325395284858703
-0.0036045597272406564,2.4933159802708746,-0.0003713508328054505,-0.014737558606230498,-0.17612556817853867,-0.000489821900943167,0.09688962863605197
-0.004705985868673153,2.493826114001615,-0.00037139873871475684,-0.01717637886754369,-0.1790790716862251,0.0000013890842193333253,0.12205401662369818
-0.002758293220011982,2.495351927841743,-0.0005049213762223058,0.10806342985353794,-0.28869981836661024,-0.004167945163718454,0.07768959000842987
-0.003625844154995201,2.4931342860777814,-0.000634550450865131,-0.015623714817444222,-0.17675675375113428,-0.0007580327462710177,0.09873113747469278
-0.004711226573770501,2.4939068703184213,-0.0006486592823383106,-0.016489563965465612,-0.1782851802741208,-0.00009090652593584968,0.12352090752133693
-0.0026914803004508573,2.495346339452568,-0.0008774877368033622,0.10813800009526608,-0.2884814043042174,-0.006218805259966711,0.07755290796987424
-0.0034241233319541073,2.4931205762711954,-0.0009781125052925757,-0.01363391073280465,-0.17531901261495514,-0.0001394241945942129,0.09598610859117034
-0.00446165183482991,2.493802563477252,-0.0010481255852229255,-0.015821576447171203,-0.1768442181037634,-0.0008647357586751506,0.11957769282118025
-0.0024210569603642373,2.495150277742533,-0.0013984699823728706,0.10802625414596645,-0.28835323161330373,-0.009182881219542699,0.07319398108453214
-0.0021464782848977246,2.4923015258101238,-0.000606100242338063,-0.01292018636195141,-0.17692639788488387,-0.002181749101610215,0.06694070797741775
-0.003134675826149201,2.4925850174833593,-0.0006873977507946584,-0.015707815330526134,-0.17723930280050337,-0.0003488104578613058,0.08939973557429581
-0.004207041052979718,2.49348430400539,-0.0006913725158328312,-0.016214129476598404,-0.17809360314717465,-0.000004265589965934497,0.1138506744219125
-0.00429043501077908,2.4967964974461947,-0.0007919913504794426,0.043960678543391744,-0.23769441338981637,-0.005913955350988879,0.11578886340317686
-0.0029730364248352114,2.4930268174399415,-0.000981653534455178,-0.012190783993740838,-0.17405639564500555,-0.0002887382178151271,0.0877133141997985
-0.0039244656559044196,2.49341312116625,-0.000990862883495032,-0.015002275443447875,-0.17673193997371894,-0.00023465174090827256,0.10936453556165011
-0.004916087767164188,2.4958293680109778,-0.0010382274553431678,-0.013832094598246726,-0.17377160520805338,-0.001948813931405262,0.1319875051816404
-0.0016861788862401804,2.493105818980384,-0.00047590052069503073,-0.00653050115973536,-0.16838220520359373,-0.00003911764636819633,0.05864148018249567
-0.0025738115715603555,2.4923659047566544,-0.0005715491839441623,-0.01480422733682698,-0.17791504361305002,-0.0012759828394684626,0.07869743647583875
-0.0036367135912546496,2.4930216609826235,-0.0005853093125630154,-0.016291433748477475,-0.17816705008693834,0.000002172876953242643,0.10287344802918907
-0.004741899026852739,2.4951483816776743,-0.0005907891253249992,-0.016654275618790723,-0.1784406773667779,-0.00010137445088849433,0.1280861084647672
-0.0025546828873079107,2.4939087076960456,-0.0008715367904118945,-0.006382084981524953,-0.17181342871200933,-0.0032345380159321258,0.08010965856263895
-0.0034145998317065725,2.493124898172762,-0.0009077598230745839,-0.014344396174575478,-0.17620562390914785,-0.0002291083834259898,0.09973254453563805
-0.004411535902380462,2.4949871701177404,-0.0009093200735873618,-0.015171252916668489,-0.17704293665136292,-0.000014765246890882377,0.12244826921024486
-0.0022921009568080677,2.4951923225397037,-0.0012543074387136857,0.10844857135557752,-0.2886616745407052,-0.008719065287733908,0.07436288503112594
-0.002026282255015261,2.492286762196433,-0.00043906780493517495,-0.013335739865909546,-0.17694120120618517,-0.0017562016036099509,0.06834259955472416
-0.0030476188242759186,2.4926017586379436,-0.0004919024630943605,-0.016089669112867,-0.1779056362256876,-0.000061830205882292,0.0914909977854866
-0.004153166070539749,2.4935630234657435,-0.0004928258837367025,-0.016735275178249995,-0.17862313318238435,-0.000012230988156101122,0.11666174827022842
-0.004225502496393615,2.4969422394168195,-0.0006099838391783732,0.044556981767586136,-0.23582479771518017,-0.005282014070101082,0.11834748273146155
-0.0029554959939971947,2.4931124129895195,-0.0008097079055515222,-0.013343612415281208,-0.17435035008058417,-0.0008712084235680701,0.09109374395320714
-0.003936944710727112,2.493549488306326,-0.0008232785536766039,-0.01537037711892059,-0.17726186192218588,-0.00034688974708221225,0.11340253188302755
-0.003942731460264803,2.496735686878219,-0.0009899257682488964,0.04493997795928995,-0.23578511871634641,-0.007600354553161347,0.11357317032054247
-0.002605541644794517,2.492953319511648,-0.001262551294027316,-0.011956466915325528,-0.17271599623443837,-0.0011332911337294613,0.08558174025948727
-0.0034912935507784727,2.4933092185057877,-0.0012980505678839465,-0.013820732443629993,-0.17558631225740906,-0.0005723477524856964,0.10561604413312989
-0.004367217670961625,2.4957790340072963,-0.001398349335386757,-0.011956208251231287,-0.17097864378450428,-0.002866515204361561,0.1255436752799831
-0.003739234474278128,2.4962685603619446,-0.001401655982288775,0.01515891034883694,-0.1648561989077958,0.018214552736063087,0.11129657203099065
-0.0029131570010915786,2.4950205361177655,-0.00009622716292039527,0.011042702710040922,-0.17091818551544766,0.02013967320089775,0.09253050445280706
-0.0038304145000930953,2.4936423405653336,-0.00009255827973535081,-0.01641887120940745,-0.1783044909713876,-0.00003035971196955702,0.11334540472553434
-0.003973556329020232,2.496810882689302,-0.00014355822881488033,0.043597158762577824,-0.2376132309381731,-0.0031103937647036337,0.11662887117058049
-0.002801771398893516,2.4930004867073627,-0.00029337382958415916,-0.0150942504848785,-0.17594967687811414,-0.0010326332177270233,0.09025990486043775
-0.0038905957427504373,2.493510165273516,-0.0003000955887371863,-0.016870395848153807,-0.17877113050900842,-0.000009024668063767142,0.11497241456811395
-0.00401814678610098,2.4968666821852734,-0.00037224368047552155,0.04369101859791444,-0.23767280738460306,-0.004349411125272008,0.11791111512185787
-0.0027799256027373183,2.4930721144861483,-0.00051451694292355,-0.013110287683679486,-0.17495219027914358,-0.00008357797510271761,0.0899895538957798
-0.0038212668192520254,2.4934945319325346,-0.0005364363487076181,-0.016339282657545466,-0.1781032955712833,-0.000368311424992697,0.11360283059924242
-0.00391784037566711,2.4967786284261413,-0.0006520189846328473,0.043813646656141784,-0.2375466659596676,-0.00601366579847227,0.1158299321404645
-0.0026225078597740758,2.4930124199024166,-0.0008704614065107681,-0.012600489717949909,-0.17382653818398888,-0.0006553445470734028,0.08830674397982795
-0.0035957342437586857,2.4934161811601254,-0.0009174752734755448,-0.015315859244295267,-0.17706634288140385,-0.0010261160230373432,0.11027745684398862
-0.004573493467093575,2.496010305792191,-0.0010382317165265143,-0.013438032931303034,-0.17214305437204527,-0.0031868763871910947,0.13250525572510624
-0.0013449872662429688,2.4931309859893473,-0.0005171283419082004,-0.005989435809615114,-0.16783742278681898,-0.0000480207131903024,0.05971755202368553
-0.0021817855443916814,2.4924324358626713,-0.0006452113930514733,-0.013958186580025797,-0.17752218321166388,-0.0018264718949207387,0.07841052393697438
-0.003197212815104613,2.492992302561293,-0.0006860755946674294,-0.01563393603735858,-0.17725358669791702,-0.0002655310482456421,0.1013445266588311
-0.004252262148282921,2.4950530070374795,-0.000701445119365272,-0.015909914912184315,-0.17753890147073184,-0.00025980359516609254,0.1253031199239085
-0.0020286083603629815,2.4937421026002835,-0.0010503640510095159,-0.005283570990085841,-0.17223784484822058,-0.00403088194275703,0.07744231810873135
-0.0028516049997521853,2.492974071655542,-0.001122433908802612,-0.0138112712413522,-0.17558263730747994,-0.0012132961933895908,0.09597331379208444
-0.0038126733145185513,2.49480962075117,-0.0011730855205896332,-0.014553993836369022,-0.1756832054248915,-0.0007594201129515533,0.1177388880556462
-0.0036809525821751743,2.4968002279246537,-0.0015061313062926123,0.04553273779625309,-0.2344897877084699,-0.010977588656159146,0.11479476535955142
-0.0027857544311163216,2.4951386598028824,-0.00020582546605773936,0.011887266950515772,-0.170154471944953,0.020225329008163356,0.09451856733101743
-0.0036568454308887966,2.4937156884893006,-0.00020162384051335963,-0.015685320280277863,-0.17756628560298,-0.0000018323973368253274,0.11422906025203623
-0.0037597670889289924,2.4967994579049573,-0.00027057955349020225,0.04386665107810675,-0.23764536110095003,-0.004221553904153977,0.11658897024765907
-0.002558300238673334,2.4929780199885863,-0.0004466725451637619,-0.014200344006817595,-0.1762858412472325,-0.0016522967167424542,0.08957861661898582
-0.0036065870962318633,2.493471225615148,-0.00047243434982869264,-0.016074159245178167,-0.17785193569978164,-0.00010868930980713027,0.11327709312741502
-0.0036860363969211767,2.4967338019175425,-0.0005741072607433502,0.04398375623045788,-0.23768431212847363,-0.005880984479940044,0.11511448395050587
-0.002565603557861017,2.4928706556437623,-0.0008935945598648974,-0.01677194573156073,-0.17826329535399413,-0.005361382112790375,0.08906511958668337
-0.0036774416727238385,2.493568045598159,-0.0011532440691815117,-0.017663759182038094,-0.17607934563288008,-0.003482364732173269,0.11635130783077573
-0.004739579906699603,2.4963985473364434,-0.001511116022428498,-0.014864347964584298,-0.17021405409504148,-0.006554595138008892,0.1404348461066743
-0.0015565739947430222,2.493575479136713,-0.0011681031927362054,-0.003981741167616541,-0.16572544790370516,-0.00021801802048662154,0.06887235594078008
-0.0022247497938163124,2.492812595890863,-0.0012928897257297972,-0.011354651059680825,-0.1752088226829339,-0.002061672417037202,0.08370442181861551
-0.0030635432877568975,2.49321352528673,-0.0013620140867736722,-0.013136543044076323,-0.17440226829465844,-0.0006200140398745867,0.10253675404693234
-0.003931655472749754,2.4954630560063293,-0.0014298234629732736,-0.01198014782469461,-0.17162260388980125,-0.002246567619769494,0.12215483308905338
-0.004672104274070769,2.496495395608602,-0.0016620331424235105,-0.010940376694592207,-0.16895115673768463,-0.003882082998095557,0.13895076445882504
-0.0032211318190684397,2.495735770702711,-0.0009975163244719967,0.012621899885434662,-0.16737757162376518,0.018186275540715866,0.10613067394589375
-0.002835346141497437,2.4941503081964216,-0.00004998048301463236,-0.009672497380102441,-0.17171924554369628,0.0003968404028091294,0.09743105676965273
-0.003861381468330558,2.4938095919246845,-0.000060528537261161064,-0.01679153433598243,-0.1786840932114901,-0.00003546892035316904,0.12059538296154906
-0.0019082380073937217,2.495231333826428,-0.0001878534417511576,0.10809870189666397,-0.28873156899929664,-0.003952255233288465,0.07680098091532243
-0.0027773734233004495,2.493008145728619,-0.00031213213063273836,-0.015622077299869537,-0.17693743549758553,-0.0006914643441788961,0.09747543812765165
-0.003865457775989342,2.4937800225931195,-0.00031913533188399296,-0.01655294936304239,-0.17844636999894833,0.00000452652399863702,0.12200668640034645
-0.0018857179463213911,2.49526150716001,-0.0005013802866518068,0.10825780871029188,-0.28886403541514566,-0.005716776531791709,0.07767872462087476
-0.002687972438422113,2.4930880619722022,-0.0006515081372567126,-0.01504782407759792,-0.17569111153869998,-0.001308430707372742,0.0986899476659219
-0.0037304682242073465,2.4938496536605372,-0.000708741272545943,-0.015813346383093483,-0.1769160038620692,-0.0007876718888186553,0.12215783333525541
-0.0016883894816909304,2.4952031340478036,-0.0010524653893187793,0.10805492629690154,-0.2883789469744484,-0.009022118335066222,0.07655973074923515
-0.0014168899330685753,2.4923167183585195,-0.00024614989599437763,-0.013083159877530752,-0.17677167929699614,-0.0018608229194135382,0.07056477972926782
-0.0024221781979225027,2.492618786827726,-0.00030966453904242693,-0.01587465601310158,-0.17757174762480027,-0.00018720027271376444,0.09284518411405433
-0.0035064136840552984,2.4935539549388697,-0.0003100037063948303,-0.0164188642527908,-0.17831078402252828,0.0000035578274926334958,0.11720368078415315
-0.003561168126066168,2.496896077505797,-0.00043492249153847715,0.04467967607387909,-0.23584455347456318,-0.005781173072065842,0.1184782063367017
-0.0022555090041701097,2.493081463699384,-0.0006340843971996123,-0.012485854866893405,-0.17395029700589337,-0.0004139579388167715,0.0911057895801073
-0.003254747821598294,2.4934937278703453,-0.0006946330895845244,-0.01569738814330331,-0.1767164611105899,-0.0009482561087800248,0.11340245259917887
-0.004249827021094212,2.4961094495537246,-0.0008230610927774358,-0.013690532413017884,-0.17227720488634157,-0.0033080072351160854,0.1358607746513719
-0.0010276459142397334,2.493241370642082,-0.0002938322552241646,-0.006113685677645067,-0.16796293523909284,-0.00004565618565499981,0.06414213989240412
-0.0018846231272663819,2.492454020100747,-0.0003703342087441533,-0.014432322534848196,-0.17735705145140934,-0.0010581895042470063,0.08289485869833042
-0.0029198325790333254,2.493108703204258,-0.0003784806224636254,-0.015878016295398905,-0.17776659571639677,0.000002988455675781508,0.1059844459159647
-0.0039921569523853105,2.49520440405782,-0.00037922953685914684,-0.016170580884974767,-0.17801954263839165,-0.000041105383390097075,0.13014134425087853
-0.001858838688072035,2.4939427984404183,-0.0007228834542675796,-0.01010954607378771,-0.1706596136244725,-0.0049782584451491555,0.08173887394465569
-0.0027418354111267535,2.4931544274397335,-0.0008179213568436685,-0.014164123346340153,-0.17545598262387382,-0.0005943672763789189,0.10142447009655219
-0.0037154180994400706,2.4950011135992907,-0.0008421066332758435,-0.014762233555003609,-0.1763049880811435,-0.0003467837488702181,0.12333593759239324
-0.001582405848085254,2.4951618922186287,-0.0012397963849986914,0.10842216197557722,-0.2886442036124876,-0.009980166682148227,0.07576722915970208
-0.0012700196834239247,2.4923709351812118,-0.00047683288753944814,-0.01210399263270086,-0.17661665629703244,-0.002728022883660257,0.06891667176191592
-0.0021944082397987444,2.4926341890012376,-0.0006047661167185418,-0.014761251796010618,-0.17649170421766905,-0.001057033665983175,0.08932635512966468
-0.0032219720855562613,2.493412630815246,-0.000639252293098444,-0.015575175932752743,-0.17702067449614778,-0.0004423270868105018,0.11234346850513113
-0.00420471015243038,2.4960510693708717,-0.0007384649422540342,-0.013502300093636866,-0.17251963524987865,-0.0028752430503908456,0.1345282811129225
-0.0009773695514719168,2.493167773213202,-0.00018000947056734455,-0.006453348144928176,-0.16830544458012248,-0.00004238653737825244,0.06269907173855248
-0.001860369040085474,2.4923938672922583,-0.00026071871656668745,-0.01481752057563008,-0.17773525276051624,-0.0010432343020025923,0.08202614876443766
-0.00292320721641314,2.493072560329598,-0.0002681781766400189,-0.016298088445579822,-0.17818597188839524,-0.0000011332041167934381,0.10574045982857518
-0.0040236351073708425,2.4952012302686395,-0.00026958732425100783,-0.01658711954592602,-0.17843350125283275,-0.00004450568856800398,0.13054137432208104
-0.001834044546907662,2.4939574498101003,-0.0005484640620537645,-0.006384304201682139,-0.17181278266406846,-0.003230808397659327,0.0833561051792765
-0.0026959050221521327,2.4931750295690094,-0.000584836148157093,-0.01439596044075799,-0.1761726336427317,-0.00018868510912642105,0.10260767169680658
-0.003700266610922635,2.495040915784659,-0.0005924457091806774,-0.015301314075235651,-0.1770489887073061,-0.0001417524168930326,0.12517378122176165
-0.0014569105992928827,2.4936736468422733,-0.0009781213176340614,-0.005144891886920312,-0.17224812657080543,-0.005017914349938818,0.07771923424628069
-0.002249126039210683,2.4929646705361757,-0.001070758057723872,-0.01283085510233664,-0.17434062398100114,-0.000563665019124608,0.09518009377807772
-0.0031373416967542867,2.4936386778222692,-0.0010971497214187522,-0.013530339006513913,-0.17523899510586405,-0.0003872146471306797,0.11503278553461545
-0.003949228962621478,2.4961491788839205,-0.001234434347292164,-0.01131563835076294,-0.170077307133862,-0.0031302497007626344,0.13330626728362918
-0.0028857759246122697,2.4959322332597376,-0.000875680432316105,0.013868556617592322,-0.16671860797824556,0.018778477432854525,0.10943426547620211
-0.002447870844028709,2.494222291174357,0.00010993588364046491,-0.00960101393890687,-0.1716416926322738,0.00036026717818142355,0.09963866218778344
-0.003464979751791854,2.4938598291153364,0.00010777856810919396,-0.016773220396174772,-0.17866949888734748,-0.000020361587850215778,0.12240790324880917
-0.0015091162529813722,2.4952722936656757,-0.00001463386486679215,0.1081312508223529,-0.28876217424664413,-0.003857945839142347,0.07898556258619062
-0.0023684873587342314,2.49304661915519,-0.00011320029814524482,-0.015447155979023092,-0.17688949055288306,-0.00044256557388048015,0.09922007755475018
-0.003453408786344524,2.4938086794289105,-0.00011506858237189774,-0.016603579416282974,-0.1784962920616084,0.0000032951335814204174,0.12348834176252307
-0.0014855656635269201,2.495289177581676,-0.0002589326196470631,0.1076819325042913,-0.2891562018683024,-0.0036244592815932366,0.07967511616690975
-0.0024018239948550802,2.492970035902839,-0.0005244318913555244,-0.01399553226657043,-0.18099928834289605,-0.0038343324114993574,0.10105387353286116
-0.0035800111787314156,2.4950441900794598,-0.0007142840690378782,-0.01769540698961412,-0.17671132354162555,-0.0028847297143771355,0.1273492048824584
-0.0015973491955679913,2.495450344202053,-0.0012244655363262183,0.10673212938950978,-0.2870166115618211,-0.010693501118286187,0.08348359505935035
-0.0012796419367924056,2.492558597707599,-0.00044153651577283744,-0.011780611381424926,-0.17521123583120132,-0.0015195453391018351,0.07657454200282603
-0.002197186804062336,2.4928128330444994,-0.000498049299966997,-0.014522028629237236,-0.17624429723193208,-0.0001638151596154776,0.09663437963949746
-0.003190884403081043,2.4936662408868355,-0.0004987144848862117,-0.015057575916252395,-0.1769387168283348,-0.000008268416597076397,0.11873501061903087
-0.003128577997871017,2.4968256986108015,-0.0007030626130693996,0.04545877890037253,-0.23515938462138875,-0.008177293340443233,0.11738275880795078
-0.0008276745753779443,2.492470264196686,-0.000011556722823025148,-0.010900421705481791,-0.17320068376737424,-0.0007111428138348239,0.06703145539132757
-0.0017872277660766116,2.492457389786654,-0.00010881260364718663,-0.015479141208610974,-0.1775087965707637,-0.000659308043158035,0.0877304178079688
-0.002864905536013117,2.4932687226085535,-0.00011376193127376275,-0.016378184993205907,-0.17826870320269594,0.0000013530423735040334,0.11156799930257788
-0.003940165624109175,2.495830105093465,-0.0001422380655770535,-0.015001660840520974,-0.1752227359098573,-0.0016720789478088817,0.13565751335050943
-0.0016859499830244843,2.4932844251781736,-0.0004310685662496531,-0.011053872171594358,-0.1731633096568564,-0.0018804028988194878,0.08749674612091757
-0.0026352212160089886,2.4932668262868156,-0.0004834286859884055,-0.015580546145813464,-0.17648560118876597,-0.0009824432360279452,0.10832736293816982
-0.003664023955479567,2.495687645926435,-0.0005705285019301374,-0.014342119260214777,-0.17371113032042615,-0.0025256542755157465,0.1313012700356592
-0.0005675090564831222,2.494530619982964,-0.00009104043655029431,0.04660181427301682,-0.16547000779484483,0.05034752828689218,0.06361697618581814
-0.0012898429680262538,2.492379649030589,-0.00015358268265704754,-0.013856800785113784,-0.1774166118936447,-0.001698337077511594,0.07892453102738939
-0.002305398426541645,2.4928723459581685,-0.00018334889792940429,-0.0157220853223969,-0.17760856714968346,-9.22111365383765e-7,0.1011244216845596
-0.003375285354027533,2.4938554721814046,-0.0001835452488557605,-0.016153540405211823,-0.17803076377767335,-0.000014033460982717284,0.12493485541685925
-0.0013391937529657662,2.4952788670835226,-0.0004305473603173901,0.10824540598276434,-0.2885892902002927,-0.006813417808789253,0.08011140151741311
-0.0020381710732339346,2.493059738437295,-0.0005235555483527109,-0.01313234017922846,-0.1749308921960863,-0.00016845650622132098,0.09738446909793275
-0.002991756268399072,2.4936801249214358,-0.0005287184300115461,-0.014742652757992056,-0.1765088335044418,-0.00013187894043727982,0.1184849852970859
-0.0029140427609442424,2.496780777246948,-0.0007487424651044034,0.04553919966899916,-0.2351270893987069,-0.008834150680802061,0.11679417525974241
-0.0006025718396891759,2.4924767157150605,-0.00009049383056422783,-0.010549307066282787,-0.17345175168740323,-0.0014301019784965163,0.0666245769771431
-0.001511253219412491,2.4924878594090227,-0.00022835617713953837,-0.01459145094935925,-0.17732343591136923,-0.0013482822260221573,0.08598526830006128
-0.0025512666897548135,2.4931756694472478,-0.00025590020535273085,-0.015837417790037004,-0.17748773702614185,-0.0002392162354642661,0.10881034068659197
-0.003617329627019349,2.495271691604919,-0.0002730126749092369,-0.016066190194701836,-0.17765604925185383,-0.0003034694973352992,0.1325746142380692
-0.0005245815992442471,2.494572549511539,0.0003146863599600664,0.047141040473546135,-0.16649558031464792,0.051911783605290966,0.06512294520725409
-0.0013384596112346082,2.492286611591994,0.0003014871613053984,-0.015557349837402685,-0.17779533624851265,-0.00037218875898549936,0.08234039548340277
-0.002476876987963024,2.4929911300748597,0.00029974586797331597,-0.017599416512746675,-0.1794618797109743,-0.00007224003150378756,0.10725515330640308
-0.0036611341368585596,2.4941187536573373,0.0002988552631989493,-0.01783154532362505,-0.17970270028796692,-0.00002178370568999027,0.13364268647725128
-0.001587014450054101,2.494124981645727,0.0001362641861215262,-0.00903458752592499,-0.17084914455567893,-0.002427137310757982,0.0879789099062327
-0.002553986236650033,2.4933423722476262,0.000077758139699694,-0.015862890933899414,-0.17775607556803535,-0.000029334614854080922,0.11026675168790889
-0.003660533797506631,2.495330695995582,0.00007755626778647193,-0.016803037576291816,-0.17870858762528458,0.00001229039648958028,0.13492196749188184
-0.0014665672973158946,2.4932505153241946,-0.00016231330877962261,-0.01152608912401927,-0.17235037529579078,-0.0011016121611350088,0.08677710940938452
-0.0024218130678201706,2.4931986463949682,-0.00017256146137517654,-0.015455074058669943,-0.17720127534969515,-0.00014154160189477598,0.10766530345767779
-0.003487702689742025,2.4952080208140583,-0.00018632978509828754,-0.016149168786436095,-0.1777956965405902,-0.00023503701972593435,0.13135854475364175
-0.0012802742955814825,2.4939174981871246,-0.0005242566485859939,-0.005894842776478973,-0.1720111542481779,-0.004293487926337003,0.08495805007763553
-0.0020999522518243448,2.4931487620393074,-0.0005681420891043103,-0.013328866973854998,-0.17523522954422346,0.00002143952544801579,0.10276849147127211
-0.0030486502896685743,2.4949521562598784,-0.0005778393008469082,-0.014452556785674362,-0.17618741249752487,-0.00015596922377767193,0.1237316821212922
-0.00245011857042547,2.496076449408246,-0.0004749739413888232,0.015578822700342573,-0.16606588837268046,0.019854505328516348,0.11050420985527891
-0.001964778119854144,2.494138536112103,0.0005858868760377852,-0.010390874922139517,-0.17239380506854243,0.00025936127789753094,0.09982373682587858
-0.003052505523159926,2.493804380125952,0.0005878515152941021,-0.0176924184693461,-0.17957453065474915,-0.000005526688295043071,0.12386263389679254
-0.003246347616957318,2.497192478933035,0.0005533315440363753,0.043255440982259134,-0.23759147482971954,-0.002103927926656511,0.12820343399115594
-0.002081082140638235,2.4933512585623685,0.00045202029775815724,-0.015347774655786158,-0.17826827789974578,-0.0007380068036345709,0.10344281353913122
-0.003253907597704189,2.4939523752853683,0.0004176100472277481,-0.01790034780207973,-0.17954648468418488,-0.0002436134332878083,0.12936003097132712
-0.001335895889271733,2.4955557650913716,0.00030063384992353684,0.1078197609941288,-0.28848468268062694,-0.0033621749121270483,0.0873448420821581
-0.0021839101851685427,2.4933242588022493,0.0002426967831567204,-0.015223530853333805,-0.17706226568796854,-0.000047084613418004155,0.1069930280963668
-0.003282123028475046,2.494083295961436,0.00024229693021952795,-0.016847987620398533,-0.1787365263327803,-4.891264463054911e-8,0.1313141573202534
-0.001183797616095641,2.4939671899186617,0.000051714874049134854,-0.008943961182654987,-0.17087585064693753,-0.0031346179114756017,0.08555886892967408
-0.002087311753318929,2.493135917036751,0.000028611942374350017,-0.01533451624843714,-0.17722030562902671,-0.00038698436295457606,0.10507863561481695
-0.003154463905466947,2.4939905282379544,0.000017458809731664096,-0.016269458097186097,-0.17804775439490322,-0.00019604880178208177,0.12864214107108488
-0.0009947650367341568,2.493813244993587,-0.00025503634041793477,-0.006308464702437408,-0.17197141064234528,-0.003082644081723242,0.08348942716844514
-0.0019011551216838096,2.493065500686593,-0.0003779506665019661,-0.014869120901726034,-0.1755752779524033,-0.0011808943327399873,0.10295920280135656
-0.0029165638005927536,2.494973235166827,-0.00044431641923636865,-0.015348204928247663,-0.17624048963664954,-0.0010022143264975102,0.1253088667473888
-0.0008142083057374235,2.4951816376601395,-0.0008874250753193942,0.1080466828078483,-0.2882501204566963,-0.010682293012939192,0.0797448729308334
-0.00048760456418706153,2.4924184179896454,-0.00013844112055739214,-0.011631370160411181,-0.1763151410992253,-0.0028314755396314077,0.0729261910693523
-0.0013742469413428457,2.4926734171510847,-0.00027757662054854443,-0.014138052674345834,-0.17624363176393218,-0.0012903248628034962,0.09166310446098144
-0.0023716152186650245,2.493383860599565,-0.00031750973491784603,-0.015145636857061492,-0.1765262379476986,-0.0005107638079709109,0.1133920209079481
-0.003326799549790588,2.495982902497774,-0.00042116551558871976,-0.01309897332243804,-0.17205481916327386,-0.0029396969320744874,0.13455249315248488
-0.0000898636797695715,2.4930874663033347,0.00010129903789960404,-0.005942432829717805,-0.16778716604298327,-0.00006042797799058098,0.06495369183544217
-0.0009147998049698742,2.4924231521385813,-0.00004773750105220576,-0.013733719601613528,-0.17758232162297108,-0.0021120195206978222,0.08198053651958875
-0.0019175018012139722,2.4929460799913032,-0.00010522773807963787,-0.015531623029831493,-0.17699532634103482,-0.00042483328990661673,0.10355735631390552
-0.0029669981961312052,2.4939152684389447,-0.00012975685569932774,-0.01582836375494627,-0.17732742893206807,-0.0003938153310739266,0.12666975642286274
-0.0009206226211577373,2.4952963310846585,-0.0004381226674351459,0.1082028195141535,-0.2884935364733574,-0.008376712293548477,0.08223214186289511
-0.0006694961616137048,2.492323602352783,0.0003985887026309148,-0.013675057042806513,-0.17646478410793529,-0.0009488555279776837,0.07694278742340714
-0.001728504411050079,2.492691217694757,0.00037743224465909884,-0.016670009120043277,-0.1785591578127356,-0.0000016556699276175213,0.09955953697632457
-0.002867738250303487,2.4937195458562362,0.0003772938539685612,-0.01720688181544735,-0.17910126722893865,9.803436767490823e-7,0.12458498550534326
-0.0009148305259140026,2.495289518133926,0.00022598967207255175,0.10808879432691856,-0.2887301207654148,-0.0046875252762632776,0.08221743990098286
-0.001749135298528591,2.493059723738674,0.00007688362214587612,-0.015495842828911081,-0.1775049286614749,-0.0020566477054703917,0.10212896041680324
-0.0028565179573747383,2.4938686311120946,0.00000436283254275821,-0.01677435143463959,-0.1776677268141112,-0.0010027555083375772,0.12643470801389173
-0.0008576623844926529,2.4953211402335556,-0.0003083216987830107,0.10774016961078345,-0.2880751078892846,-0.007821994647358863,0.08315098536230227
-0.0006281803353036153,2.4923174883107695,0.0005418120524717884,-0.014014605700284673,-0.17631782412042593,-0.0004609026730133481,0.07829516107526342
-0.001722254980440911,2.4927268331342405,0.0005324588421089196,-0.017197319456838896,-0.17906955984028627,-0.000004917554926168725,0.10161863689764726
-0.0028955488307059875,2.4938017825663037,0.0005291880740219937,-0.017671566831831152,-0.17954007255537013,-0.0000255035344960588,0.1273633031480596
-0.0009628576576299567,2.495423968854072,0.00039864151913740167,0.10796608675627317,-0.28859765448091973,-0.004028577520588671,0.08543291392599962
-0.0018141912453196805,2.4931948837984947,0.00028983969592440525,-0.015378863054192813,-0.17680907073839133,-0.0004569010469438983,0.10501166001160035
-0.002893440347255215,2.493953381797499,0.00028781419940632593,-0.01651663409783477,-0.17840838795025832,-0.000004272907557055797,0.1287063600920266
-0.000782577198110902,2.4938110141270484,0.00005137539993753334,-0.008948882912089498,-0.17087438131933802,-0.00355812963520272,0.08329833419560308
-0.0016569916338013127,2.4929926987413666,0.000022015412738448974,-0.014569643394320292,-0.17645350292480932,-0.00004792396107086971,0.10195719263960157
-0.00267948129140625,2.4938045640011577,0.000021921549810169393,-0.015571517778418888,-0.17746273867707285,-0.0000021291104145180364,0.12432267674955773
-0.0006197687309468865,2.4951528498133535,-0.00023988410167474978,0.10837156059983877,-0.288772199387131,-0.007213968761664406,0.08003368760249246
-0.00141044197200227,2.4929570911114025,-0.00042218341325056926,-0.013567306354795269,-0.17424373460583822,-0.0012107638075680785,0.09701454154942597
-0.0023584517484510166,2.4936001987062837,-0.0004718397983144148,-0.014426526153766677,-0.1756501567446997,-0.0006685022283940566,0.11761330209515575
-0.003224996950050758,2.496169770259964,-0.0006302461822920215,-0.012109759940630254,-0.17055645561830124,-0.0034496548433687714,0.13674799849737174
-0.0017630692554617198,2.495467653080207,0.00016448711947761942,0.012912375243375077,-0.16891141627174033,0.020018490504534837,0.10465787631137095
-0.0021741610308289028,2.4937364419003694,0.0005094193451882036,-0.014589162314265908,-0.17650996434163882,0.00002694073161079017,0.11360164904061898
-0.0032765284409453513,2.4954122767535307,0.0005099440349034854,-0.017017376826866566,-0.17899211728741435,0.00008590145053810822,0.13790274293256533
-0.0010838369053546354,2.4932624763239657,0.00032269611852176903,-0.011527094124672836,-0.1762099618350784,-0.0004322373216561763,0.09174363252893956
-0.0020907240903681834,2.493354668932208,0.00029998280083288033,-0.015754501850242686,-0.17765405735632903,-0.000012693068969315438,0.11347384754264304
-0.0031430304710312862,2.495807772371603,0.0002731984736640979,-0.014720549570927706,-0.17500918526022088,-0.0016063974627527212,0.13665218923989567
-0.0008728063219921162,2.4932510030989072,-0.000019918607994278033,-0.010638106932175893,-0.1725651075503912,-0.0015120923883549695,0.08939038269728468
-0.0018047620416254638,2.4932121399474405,-0.00006827169445001867,-0.015416074186212492,-0.17630064500808584,-0.001004916420703809,0.10925564445000133
-0.002822943009229162,2.4956182460885086,-0.0001566184047293895,-0.014183401497048893,-0.17353616728111493,-0.0025440613770134827,0.13155759382892374
0.0002767593458482461,2.494451203134842,0.0003092896603108605,0.046545483503904625,-0.1652928700905594,0.050127660763562364,0.06603544987323276
-0.0004262348428603381,2.492373214235348,0.00021510850550654007,-0.013377837384980324,-0.1774882604299746,-0.002261165689877906,0.08009700018297664
-0.0014108787413211936,2.4927935746947925,0.00015429671100551212,-0.015429416063816684,-0.17702040254841406,-0.00029622350998778483,0.10084820009707368
-0.0024575410763660096,2.493730139234798,0.00014356523623709747,-0.01580384762104135,-0.17753896578025175,-0.00015775064988687718,0.1236030789482591
-0.00041147926452853663,2.495107600126894,-0.00014385257339704627,0.10806722470602044,-0.28877785249764537,-0.008149419961450945,0.07972722021090134
-0.0012452478760758307,2.492920130053316,-0.00035765005586848534,-0.013946331521836405,-0.1741526661102318,-0.001684396331653485,0.09672072068024398
-0.002216314284469984,2.493587167044327,-0.0004398516727187738,-0.014748920015087404,-0.1754730591251264,-0.0011702309160419365,0.11774775909448329
-0.003101434861796664,2.4961817011559484,-0.0006337855276677192,-0.012362025999611226,-0.17025825839113434,-0.004002543938761096,0.13725206709454232
-0.0016580520121107797,2.4955013098054746,0.00011488334875842153,0.01264933829853868,-0.1684743033245293,0.019318425490731855,0.10563270303431131
-0.0016690707451229134,2.493702679995077,0.0007818158633932156,-0.01342877253979362,-0.17528213929073158,-0.00004717072000392408,0.10585715904951924
-0.002773202455325676,2.493977549545796,0.0007806481931903627,-0.017504714312792883,-0.1793803784237969,-0.0000366957824665486,0.13000208703900157
-0.000840689137138202,2.4955157622213417,0.0006731569558124978,0.10798860305538673,-0.2886048541087883,-0.003383331362392345,0.08827907995744208
-0.0016969345895810211,2.4932732924102186,0.0005911549260650588,-0.01541158996204798,-0.17724766143374523,-0.00005095745192568252,0.10764440753487578
-0.0028091375200784098,2.4940404002530348,0.0005902586917288058,-0.01705598899507437,-0.17895146226458467,2.2068707143010328e-7,0.13196868002506057
-0.000712631556193025,2.4939467367488755,0.00039399152088792416,-0.008932003106775763,-0.17084194422662227,-0.0029890834238638937,0.08699707727497295
-0.001614219650438278,2.49311350415313,0.00037906737341858877,-0.015233697842097833,-0.17713765501256923,0.000009225380296427816,0.10617699327614193
-0.0026899938011431712,2.4939671410819124,0.0003763118378657527,-0.016380042389609217,-0.1782232592746456,-0.000042196530614903524,0.12964259642967046
-0.0005345535667494729,2.49380368637808,0.00013106668879338062,-0.0064800749763538595,-0.17186017954379015,-0.002843698287084242,0.08517902191195782
-0.001463463095073603,2.493060489576679,0.000014513356444699477,-0.014908643805877845,-0.175972547086481,-0.0008267609084875904,0.10477547002898357
-0.0024831212262245916,2.494971748048144,-0.000026239319250892484,-0.015427089798763277,-0.1767210485627459,-0.0006006464270793687,0.1269384373051783
-0.0003799259013107473,2.495194099270593,-0.0004210733702939735,0.10817597343553843,-0.2883837308924749,-0.00960286525936003,0.08208579735820036
-0.00008854437080706729,2.492351942963081,0.00036543249684825607,-0.012566810414687463,-0.1766152188244359,-0.002226219014837258,0.07613885589823698
-0.001052445388302735,2.4926178145831446,0.00027724045824587483,-0.015370746217037263,-0.17681485300443744,-0.00044182615114960594,0.09610152007272535
-0.002103521542836298,2.4934884967911066,0.00026712993743504247,-0.01590116441267354,-0.17769290280666675,-0.00009950719047923371,0.11873303814235367
-0.0021302403251964863,2.4967656339572635,0.00012026423194811893,0.044836016254669646,-0.23582852012496386,-0.006778553763513294,0.11935563068889575
-0.0007968310243287649,2.492973573685733,-0.00010219413236912494,-0.011908590128269775,-0.17320797015130904,-0.0005859585565417124,0.09311248756354318
-0.0017177777038395784,2.493340492452625,-0.00013222175000345473,-0.014317615392514915,-0.17592803045910785,-0.0003851949066959444,0.11269241737244705
-0.0026629985357539067,2.495709049052587,-0.00018374961115994248,-0.013106911784650522,-0.17299028354524792,-0.002011753996497509,0.1333085889633963
0.00047200190736126034,2.4944742087894682,0.00026067295553133276,0.04660400219843818,-0.16484949043087327,0.04974991937096837,0.06761392449779934
-0.00018952060534290434,2.492430594453954,0.00014767817208727812,-0.012670651209478257,-0.17715802256776278,-0.0026387538610325193,0.0806486367952489
-0.0011236014006496377,2.492801294039432,0.00005699891224168821,-0.014813596044456357,-0.17608882146158644,-0.0006151407285407815,0.1000830945856464
-0.002133943402034854,2.493664384440098,0.00002841532127168015,-0.015276356898360271,-0.17675082310891674,-0.00041940084278865495,0.12184909793198352
-0.002084627980187717,2.4968384330817424,-0.00020658530152119594,0.04525783615428613,-0.2349467926439574,-0.00872578252755201,0.12081678455468298
0.00022033805087540598,2.492515134107677,0.000462720313878975,-0.010563990736608214,-0.17295918243985578,-0.0008858835571936978,0.07258116723058945
-0.0007039069058941517,2.4925049099272276,0.0003450907884234712,-0.014897728678495316,-0.17722221384710268,-0.001014821773218042,0.09135441688840294
-0.0017529571522418965,2.4932499841750975,0.00032803287737472546,-0.015927559185789447,-0.17768975999393571,-0.00013020297703186765,0.113689008484036
-0.0027980650290109123,2.4957712435672446,0.0002908619526224341,-0.014557024409816637,-0.17464896288892154,-0.0018044422528030956,0.1365163448336862
-0.0005217292211204838,2.493227717273542,-0.000031157197016177535,-0.010823416307010758,-0.1711679782874841,-0.0015924937113617464,0.08993076676922307
-0.0014002187305788244,2.493174084612517,-0.000057430810214932354,-0.014118236666255965,-0.17571829353141824,-0.00028839870849268784,0.10841050990333839
-0.00236156330417585,2.4950811541176456,-0.00007161403252153989,-0.01456058590402398,-0.17622716639445796,-0.0002271637481065716,0.12922785493626224
-0.00021798051062996344,2.495228701979858,-0.0004751572767015513,0.10852672715054687,-0.2887071714143553,-0.010315404424670714,0.08379677207516041
0.00009883359682003233,2.4924122586316417,0.0002961248210180604,-0.012015703492568785,-0.1762743462256098,-0.0024078535259932344,0.07742626989839764
-0.0008232000425868375,2.492661656516894,0.00018863998599101862,-0.014740117792471603,-0.1763131585129539,-0.0007411357981660808,0.09629689381167138
-0.0018412764551910008,2.4934637680486014,0.00016621430499983775,-0.015425205525855747,-0.17704050180170275,-0.0002769591684065517,0.11802711115441915
-0.002814726155983732,2.496093553663652,0.00007802047410436521,-0.013371809398667608,-0.17256226078763823,-0.0027066214356395225,0.13929026094470026
0.0004157496984258142,2.4932019202155593,0.0006457228237424316,-0.006535621571245858,-0.16838799440190136,-0.00004355740813245697,0.07134782468339451
-0.000480188465933714,2.492395088566762,0.000580108787281444,-0.015097067705903936,-0.17776763124134562,-0.0008698771422473205,0.08926809550011675
-0.0015578032564883947,2.4931191137487767,0.0005763004290311639,-0.016501209486523314,-0.1783896378910882,-0.000003983203530591765,0.11202199667821074
-0.0026700766635828466,2.495267446868952,0.0005751480574118328,-0.016759297189497195,-0.17861251965345282,-0.00004319805473044814,0.13621772909871627
-0.00043868186407059677,2.4931402393279742,0.00030658281432246847,-0.011187728538406822,-0.175813198641294,-0.0020391302637835364,0.09101775788669253
-0.0014080696677685914,2.4932223677848904,0.0002614309811208338,-0.015072582640870531,-0.1767389888741685,-0.00022666003953513783,0.11140276392874594
-0.0024326925454707074,2.4952125467734114,0.00024889644911404784,-0.01549761413620603,-0.17717638925097245,-0.00021626971307739983,0.1335970563173872
0.0006745922468708022,2.4944719768309676,0.0008061134087863145,0.04704410475182871,-0.16608219293223347,0.0514216442956835,0.06907973672610736
-0.00009861929683987656,2.492285694757601,0.0007567827533998864,-0.014698591111719053,-0.17795035769755396,-0.0013188200948482292,0.08417252703511276
-0.0011761550300626801,2.492855491312834,0.0007433279633462311,-0.016732069394516484,-0.17860082636163443,-0.00001142502931093972,0.10656131821065966
-0.0023138138707466237,2.493914634761397,0.0007377399209875959,-0.017145689008796983,-0.17896066539909908,-0.00007544853842336888,0.13109587251282226
-0.00022086971309751642,2.4938529256507644,0.0005266720730586812,-0.008972613399982768,-0.1708678815187905,-0.0031542820143767463,0.08697866273039602
-0.0011316850316744622,2.4930345564998846,0.0004897882381505148,-0.01495909158660178,-0.17686937743568681,0.00002023017476245096,0.10589313171423008
-0.0022325756216964123,2.4938969774614996,0.0004423072525062791,-0.01689446264724979,-0.17788404831963037,-0.0009083939850357639,0.12954246961129248
-0.00023874120462710128,2.4953687478257325,0.00015694222033967313,0.10770885627180869,-0.28811719671789415,-0.00698926642783214,0.08740105356544994
-0.00001416819276148332,2.492325931607825,0.0010212111830283093,-0.014308594363016474,-0.17616436684446626,-0.000021131346772011068,0.08285369735332367
-0.0011381051100367132,2.492777198246095,0.0010194970302236405,-0.01760358444336756,-0.17948974597411238,-0.000005157510639431885,0.10610356094780739
-0.002333600944463363,2.4938834957150666,0.0010193828367667307,-0.01802776365985693,-0.17992378516764918,-3.958154989674416e-7,0.1318582392301146
-0.00041610052672051527,2.4955457803337464,0.0009109225252046429,0.10788665063645263,-0.288516242185294,-0.0033717280678790063,0.09112537650866248
-0.0012744061752819646,2.4933033651049357,0.000829429942019469,-0.015433430737765569,-0.17726202968210178,-0.000060295778563700175,0.11015920309159698
-0.0023875484718669953,2.494071334560656,0.0008284927739929202,-0.017070893590734864,-0.17896662295429372,-0.000001236132173434777,0.13418435887446822
-0.00029173561610413456,2.4939791008120338,0.0006334984250522189,-0.008947688772795781,-0.17084276983988686,-0.0029629244344382905,0.08995289856697865
-0.0011969716402018544,2.493146684120976,0.0006119136091773311,-0.015240788762849834,-0.17714669713897352,0.000007691528404432368,0.10883106908542528
-0.002274334843931302,2.494003500376068,0.0006071916620227013,-0.01640252071183008,-0.17821942909787616,-0.00007609737254997061,0.13201371674556048
-0.0001194110222272526,2.4938420476786307,0.00036049430258243214,-0.006455818129522285,-0.17187042987239368,-0.0028529291517130993,0.08835066976488835
-0.0010456432533821273,2.4930988375326977,0.00024676325583570006,-0.014859752743535853,-0.17595514029850037,-0.0007966681959137911,0.10748959434776942
-0.0020624140826557822,2.4950061617770416,0.00020801751928856008,-0.015386929197152139,-0.17671237949813304,-0.0005705767936117917,0.1292743915669532
0.00004275547999114905,2.495225182311025,-0.00018537809101808845,0.10819741559830202,-0.28840103999790934,-0.009588254014804884,0.08519016722193537
0.00033392645091435546,2.4923648546773576,0.0006074757284735704,-0.01260928474480987,-0.17650660767333173,-0.002068292593174784,0.07941994045479162
-0.0006360963534726739,2.49263838899488,0.000526978576710595,-0.015426590571258272,-0.17693923155554236,-0.0003781295522342074,0.0990122825504317
-0.0016894944397230684,2.4935239657577206,0.0005195369468202502,-0.01593149899104974,-0.17776041061284606,-0.0000653984299389417,0.12132285870632054
-0.0017177968148670265,2.496806624828126,0.0003763050268989316,0.04483269779838772,-0.2358442694547439,-0.006658704297697176,0.12197036202730331
-0.00038777691418877047,2.4930123371449504,0.00015374247252232068,-0.011969656871137959,-0.17328840662820233,-0.0005638730547247998,0.09622683369899103
-0.0013013437814994033,2.4933759888624527,0.00013628383527949036,-0.014178748515568624,-0.17609261307712978,-0.00020124466603173473,0.11532191606476247
-0.0022406642985821363,2.4957369553114144,0.00009958393077455817,-0.013029240044666877,-0.17314271067334605,-0.001782214086513416,0.13554065011682867
0.00090063195119919,2.494495884367347,0.0005640108587973691,0.04669787428555587,-0.1650540851128279,0.050056495101100766,0.07112095555375636
0.00021818154393480512,2.4924139778102137,0.00046672092363848634,-0.013076945841172548,-0.17724580854898542,-0.0023327289789483716,0.08411707119669562
-0.0007458599005840734,2.4928176406463605,0.000399809960805311,-0.015145890820980753,-0.17666514575420195,-0.0003710184997927278,0.1037315527926219
-0.0017746598519413686,2.4937303403936038,0.0003841854238195312,-0.015541304210849805,-0.17720225587105845,-0.00023364916522047193,0.12557465828580472
0.0002809134307917554,2.4950759095612876,0.00007041024724814982,0.10804501391884466,-0.2888837159691359,-0.008989429408575476,0.08277413939691089
-0.0005473958470656792,2.492942127939245,-0.00017783461880692102,-0.013679836835205225,-0.17405503903932595,-0.002376667953275118,0.09892628757196338
-0.001512068594143259,2.493569126789756,-0.00029497248012788873,-0.01465315191105474,-0.17485537360716902,-0.001695483062044495,0.11927006334817375
-0.002389364411078226,2.496150490619198,-0.0005256101009801211,-0.012228470674986239,-0.16955881504700698,-0.004572035913450983,0.13824356818076095
-0.0013798601362294642,2.495997695539991,-0.0002682662835652757,0.013152826620956886,-0.16586945457427862,0.01722302060913193,0.1163979878655802
-0.0006505506730096239,2.494997605514045,0.0009386488836109929,0.009746199533740325,-0.17061282043066406,0.018545576631240106,0.10100630365658028
-0.001535159931636837,2.4936481191985536,0.0009403785508213946,-0.01583924064560617,-0.17772889277344797,-0.00003650977052604325,0.11970225464552656
-0.001643381696058804,2.496754028048966,0.0008741968395016914,0.043838923555846045,-0.23764087096744893,-0.004052212118644055,0.12206058283606407
-0.0004061732583292312,2.4929548529215313,0.000743984711019739,-0.014059749882208464,-0.17524284776000074,-0.0006986309702827753,0.09785339659971799
-0.0014359141933179406,2.4934531789487613,0.0007417021113982295,-0.016009775014388498,-0.1778981407665868,-0.0000041767312438236744,0.11951973897980593
-0.00249462982092654,2.4959586280269814,0.0007138644805596742,-0.014787029065631877,-0.1750379583853309,-0.0016472544893078324,0.14243744227384114
-0.000246900543753253,2.4934264557759924,0.000422141290572034,-0.011240516276188661,-0.17191615807095126,-0.0015719715930955296,0.0965705726368761
-0.001164217977017638,2.4933895767393404,0.0003939415113337719,-0.014750883674435628,-0.17631259811536984,-0.000328171023674432,0.11567156690310834
-0.0021418004433305846,2.495749501877933,0.00035157257158945516,-0.01361706604229779,-0.17367805869380698,-0.0018356741048591752,0.13667512191194384
0.00016068414279625783,2.4931601137219426,-0.00006142121727490844,-0.010727954741924083,-0.17014037375492447,-0.0024801074276366245,0.09120913625128359
-0.0006559728103098688,2.4931367925217462,-0.0001383158362799426,-0.012913943017343568,-0.1741828058751923,-0.0006221095685984275,0.10787204717899707
-0.001514824239801849,2.4953343504245655,-0.00020023878815048305,-0.01186319615746291,-0.1716282136070207,-0.0021297144232074617,0.12601866788904778
-0.002248248782794196,2.496356520532164,-0.0004232509774476725,-0.01083920133998863,-0.16900360519708338,-0.0037343343283961316,0.141843788440704
-0.0007940231676183197,2.4955911002151323,0.0002483894517281319,0.012652095871249573,-0.16746153353669618,0.018313732023262273,0.11078949887216921
-0.00040951013450218394,2.4940012926691337,0.001200803066676088,-0.009833069667297327,-0.17187519731437553,0.00027701666928515214,0.10280068810094613
-0.0014391248628255623,2.4936632059913757,0.0011950376789838346,-0.01697750470070612,-0.1788557507922149,-0.0001047904090963302,0.12442031038930833
-0.0015955891551626168,2.496964658469403,0.0011492373155471637,0.043209181655501916,-0.23775058773769278,-0.002619705671111795,0.12770026324368536
-0.00039394018452494726,2.49316053188114,0.000998883791606814,-0.014737921273895404,-0.17568811307000454,-0.0009363637663154216,0.10360628969555688
-0.001545035885876473,2.49370827004128,0.0008867163666534121,-0.01775864345714397,-0.17838856153277532,-0.0012665994856138156,0.12790166711559706
0.0003699597830032148,2.49527493525188,0.0006476483062607778,0.1075089626356718,-0.28813438270187114,-0.006145530264832788,0.08852524944185869
-0.00035634163949228604,2.493050717093563,0.0005580974200911754,-0.013554636631143232,-0.1753734307201501,-0.00012050067575247464,0.10488761506997457
-0.0013462359774325556,2.493697795259285,0.0005493602579051364,-0.015288683335318859,-0.17708507082257588,-0.0001981200329752869,0.12556590163651704
-0.0012994726926966425,2.4968618051048,0.000343451162468014,0.04531107853983566,-0.2350886271499573,-0.007831714896071892,0.1246124514085857
0.0009947516538628349,2.49248053191452,0.0010521103855993873,-0.011053548722391518,-0.17299283998483814,-0.00036215871624910507,0.07858171247162193
0.0000140438761272912,2.4924527282311932,0.0009785095404775093,-0.015843161003503498,-0.17753019322505575,-0.00025675939648110577,0.09749570949459177
-0.0010836282149560487,2.4933277567800154,0.0009780969186781081,-0.01671120542894325,-0.1786021852316626,-0.000004921585094466657,0.12012880008839984
-0.0011948031169656873,2.496692956106209,0.0008932477963100173,0.043799060398401125,-0.23768989260535153,-0.005034331035953726,0.1225111343588885
0.00005469918599340743,2.4929243112025548,0.0006681382151737385,-0.014498589410047686,-0.17465381258151805,-0.0017377164294425209,0.09995179650371519
-0.0009719963902862074,2.493451687572455,0.0006063997001209734,-0.015767305283257465,-0.1770178378003554,-0.00064673601365389,0.12107585820825881
-0.001969826393712235,2.496082988722312,0.0004965618365088085,-0.013732259080053731,-0.17260965594524452,-0.0030243958299638676,0.1423188288270004
0.0012513557211321594,2.4932097654814376,0.0010589776597932905,-0.0065327380167292505,-0.16838323143035513,-0.000046310383542204116,0.07726703071175504
0.00035561009829666136,2.492400117177827,0.0009994681728191497,-0.015076055945298527,-0.17768301116960492,-0.0007483904175911901,0.09408810334589779
-0.0007224623133954484,2.4931258614809892,0.0009960309179950343,-0.016530417475881354,-0.1784113223563191,-0.00003077205123783368,0.1159446163078945
-0.0018359226299500273,2.4952759559997424,0.0009942482025329196,-0.016777290680878097,-0.17862161122848225,-0.00005354365162836648,0.13951997443766595
0.0003936232712058626,2.4931517848290077,0.0007284828707763173,-0.01134544840531305,-0.1756651641809523,-0.0020239380136286306,0.0957527589190151
-0.0005702918704977233,2.4932244664980683,0.0006908146469441883,-0.014975083380915015,-0.17673039006359303,-0.00013127151256403836,0.11521765052380593
-0.0015927139340738273,2.495208951320128,0.0006830645325632374,-0.015459629273176562,-0.17722848630409735,-0.0001278548447094419,0.13674377560748566
0.0006460287010128993,2.4938624708484065,0.000312529066375869,-0.0051698770977081955,-0.17217390680008055,-0.004871587165239607,0.09352281259539927
-0.0001640582207309668,2.4931131736344367,0.0002349466395124246,-0.013065247051238134,-0.17491785060852702,-0.0005533436785215993,0.10956021158986291
-0.0010777358617294582,2.494896576482948,0.00021001280202431096,-0.013898443109368039,-0.17538192791468316,-0.0004129339394323514,0.12846578321071014
-0.0009096648613631657,2.496826486429265,-0.0001092640656318436,0.045876989693862405,-0.2346927804869737,-0.011242501834802765,0.12498071233314965
-0.000008541452183099353,2.495162884850066,0.001187344679976249,0.01197803930424857,-0.16998055392834713,0.020161931231733852,0.10642450532173259
-0.0004831904504225045,2.493495891398184,0.0015321973673734762,-0.015676281392308932,-0.17755861869808168,-0.00010531655523549867,0.11609186065988249
-0.001650991657796163,2.494164473034419,0.001530725711605824,-0.0180620336373113,-0.17995652229016823,-0.0000032038554064235522,0.14063958164539467
0.0004177717397360626,2.494149909201856,0.0014184488095535077,-0.008963438321418033,-0.17083886725223468,-0.0017376229835919025,0.09818043965814985
-0.0005743293735376554,2.4933425887045337,0.0013851514156443712,-0.016629932927541752,-0.1785213413786148,-0.00004187605663395603,0.11897076639592898
-0.0017365624378847433,2.495375415414013,0.0013843295040997029,-0.017664006140175686,-0.1795662493171144,0.0000011227311230156557,0.14346262563672063
0.0004315889646335859,2.493294698227952,0.0011874574535414573,-0.01245232659637394,-0.17565486384368265,-0.002275319737646611,0.10030462040885733
-0.0006121562964577099,2.493381052920906,0.0011628062424583832,-0.016329626094615333,-0.17822666036019444,-0.000010469459744517313,0.1213673514378983
-0.0017305709235061948,2.4954641087525857,0.0011620480430951051,-0.016911573991156472,-0.1787970746949447,-0.000015453455389673598,0.14492523003137284
0.0004637579506175468,2.493382436031297,0.0009122215769732544,-0.011320329079093586,-0.17319944613878283,-0.0014612448622744112,0.10002173158138067
-0.00048401606312800205,2.4933419325055595,0.0009107628934656774,-0.015302561632720669,-0.17719945889453892,-0.000008728421286661654,0.11906811841283221
-0.0015102229230712836,2.4957465871837723,0.0008840364482327848,-0.014350452503766953,-0.17465252063707276,-0.0015974352638072921,0.14056703710389862
0.0006427332556458374,2.4931164065576943,0.0005090824439103822,-0.013473465631054919,-0.17525377976816184,-0.004765437732359452,0.09651678838263156
-0.0004585367951337948,2.493280917700613,0.00017663481037089374,-0.017694118554154037,-0.17558845768205023,-0.004011280483391103,0.1205267858019537
-0.0015654553054269985,2.496060133634766,-0.00017131361343346578,-0.015193229182556797,-0.1703816942718951,-0.0067298965932471215,0.14362277229535722
-0.0006715851007760905,2.4961457751197433,-0.00001114759624656664,0.012026599491325637,-0.16566670069639727,0.015895768616363975,0.12470743873808042
-0.000010772917496269726,2.4952224564141106,0.0011026722763896584,0.008782529133973616,-0.170127832014056,0.017099836295758522,0.11125344893537348
-0.0005121489107629325,2.493700546187358,0.0013982106217846357,-0.01507432675305195,-0.17694912089126336,-0.000003065133519377707,0.12141887502094013
-0.0016377145000540225,2.495425057031268,0.0013987915659801774,-0.017345962329915355,-0.17932264202837794,0.00007534221588921712,0.14494702215715813
0.000542718266708318,2.4933001325749595,0.0011947217209788297,-0.011994549840039712,-0.1761237292163969,-0.002320072863781041,0.10174198353385207
-0.0004921245317761913,2.493379898504387,0.0011709673878113626,-0.016223649514631434,-0.17811920253755878,-0.000027708341996511348,0.12237812069969767
-0.0015756728364402317,2.4958672229084895,0.0011439041395007702,-0.015182426977039606,-0.17547435152322718,-0.0016097569611679082,0.1450002104966989
0.0006496736441915583,2.493307487981253,0.0008854793948294377,-0.012146867981277953,-0.1747626592254976,-0.0019218335945094677,0.10149335876080441
-0.00030234265718029167,2.493341687686985,0.0008646351598939245,-0.014978630207596646,-0.17685712390340153,-0.000013096893737623938,0.12032650866438982
-0.0013085426208729442,2.495732276483915,0.0008321037332185665,-0.014069003790035265,-0.17425199747054976,-0.0017154600235191498,0.14116108287970022
0.0009742052827890952,2.4931661067644173,0.0004634359769152719,-0.011086899204744172,-0.17078194097841418,-0.002202074777024195,0.09786047136211176
0.00008790995272518504,2.493130696423334,0.0004027736369221272,-0.014158145942662518,-0.175257020228045,-0.0007972022371270629,0.11498374929743066
-0.0008477733661070593,2.49544822317292,0.0003262184905331259,-0.012968938213866885,-0.17249958662851272,-0.0023697263437888532,0.13406202572717957
-0.0006939765235915978,2.4969947297185935,-0.000037800032802962465,0.0455830313381073,-0.23430125034002006,-0.01143828983911022,0.13092162739362076
0.0016584150799736342,2.4927565004654437,0.0005294396216194133,-0.0086576029011598,-0.17183686888615804,-0.0016903048882000496,0.08561634994719733
0.0008996386972165563,2.492742026575032,0.00035077971768201116,-0.012164500093258023,-0.1757532355369076,-0.0021960368458528194,0.09932038312226055
0.000008395945234241075,2.4932131464123666,0.0002732263946841389,-0.013847998673897976,-0.17494136479765104,-0.0008031053537989397,0.11667946060440192
-0.000903797284419289,2.4955287956340344,0.00019168965029574094,-0.01261106052181861,-0.17204502386281262,-0.0024663631018571014,0.13533624425360508
-0.0007310894191850229,2.497037835575795,-0.00018992870490621962,0.04565630279322403,-0.23428460549697686,-0.012156330169568736,0.13179989110946122
0.00015306845249915242,2.495400095983986,0.0010454879622477365,0.011757512614299878,-0.16923767237460355,0.019201752332667462,0.11382499359587397
-0.00027904902071472927,2.4937360611908237,0.0013748898938333082,-0.014665693325843172,-0.17654873325916762,-0.000029012976887332707,0.12250199992466604
-0.001379950952239888,2.4954197546229646,0.0013741160431275264,-0.016999234775528275,-0.17895999442330363,0.0000600059507709413,0.145332497211433
0.0008056511764918219,2.4932684554897393,0.0011438071359934244,-0.011753072261785735,-0.1762835926074222,-0.0023328194996964286,0.10257027420957543
-0.00022217618616942307,2.493371402022901,0.001097311969987789,-0.0159359826832853,-0.177591225033743,-0.00024148260351702542,0.12283015444279932
-0.0012765389102174485,2.495835332296182,0.0010617161976061852,-0.014733607945275059,-0.17489520549738133,-0.001739978282441343,0.14465447648483373
0.00097760469022677,2.493299009506836,0.0007594392927935296,-0.011195136118788127,-0.17169022638002263,-0.0016277157171541651,0.10139197123868479
0.00008278454629330378,2.493256634539875,0.0007440804847283207,-0.014386008689317449,-0.17623820353048675,-0.00018978351583641512,0.11877300838740665
-0.0008802680492514543,2.495590889819427,0.0007043391994739784,-0.013453170828541873,-0.17353353575127006,-0.001819617547936648,0.13844079542124083
0.0022514856167379802,2.494373245893964,0.0012020477314986706,0.046820599124297015,-0.16546936507893098,0.05061668867804098,0.07933886193605054
0.0015384252551177296,2.492321302366105,0.001093912768848061,-0.013494247376182293,-0.17783051583985665,-0.0024881896867002813,0.09124180514385614
0.0005450420409023435,2.492737159096444,0.001020369837640135,-0.015619286528255581,-0.17709751736355533,-0.0004180589676654549,0.1097554145767665
-0.0005154464980401567,2.4936731284527514,0.0010037224319396595,-0.016012426051447152,-0.1776762570211499,-0.000236148671233366,0.13100618499859262
-0.0005485265603781502,2.4969648203124275,0.0008460781469312204,0.04474892861402203,-0.23574220875414692,-0.006941710456457578,0.13172546219099446
0.0017182468672119337,2.492582045458361,0.0015854316943943107,-0.01195262509973291,-0.1734527813245246,-0.00008802830894380968,0.08818331902313585
0.0006617555131475518,2.49252851049256,0.0015758743788251868,-0.017098408004973812,-0.17898804253440076,-0.000053003531756265,0.10757776969588238
-0.0005164139293454724,2.49355206339328,0.0015736928689105145,-0.017831761370247935,-0.1797314719839201,-0.00003284487316133725,0.13110463478582243
-0.0006892640444556494,2.4970541169117992,0.0015164158330525307,0.04337937238263534,-0.23762912391099844,-0.003313880280496782,0.13470135779768336
0.0005119580701399547,2.493255242310723,0.0013664505955072498,-0.014720410203790559,-0.17574665001758885,-0.0008656980697564994,0.1117626885583917
-0.0005621091550250567,2.493764851179842,0.001361396743338664,-0.01667551690490956,-0.17856539798974966,-0.000013068318861879359,0.13333290895178165
0.00140897002736012,2.495237088358792,0.0012035943243687958,0.10820057093537393,-0.2888489436991917,-0.0048344541796600336,0.09500988841853109
0.0006168290524153461,2.492985229919672,0.001133420820781919,-0.014151651846322354,-0.1760426153258861,-0.000024358567878311086,0.10998987697751421
-0.0004583968279597798,2.4936769507169565,0.0010892447121721121,-0.01652477684370688,-0.17779895394412001,-0.0006369892067893152,0.1314489117038087
-0.0005227222800795364,2.496998987832657,0.000915132149154349,0.04444999405177318,-0.23553520725832097,-0.006829126152407147,0.132802041506937
0.0017298196574194683,2.4926211896163935,0.0016559531552326058,-0.012294737232851344,-0.17356974665401614,-0.00010929095500800375,0.08952367705404841
0.0006609424903359956,2.492569647199324,0.0016544396544120722,-0.017311996112434756,-0.17920106180848328,-0.00006233070474303729,0.10916891947849436
-0.0005318108250711733,2.4936143680279366,0.0016487952164782572,-0.01804325802575554,-0.17987162666220077,-0.0000692857805893422,0.1329922656368709
-0.0007161419730360364,2.49713934344216,0.0015930325702829028,0.04328575698780545,-0.23760296571871498,-0.003078469677654835,0.13682200263239636
0.00047905596508371416,2.493339279933898,0.001457409420030017,-0.01476306873858167,-0.17588160957390464,-0.0007750740425128488,0.11380550308415027
-0.0006046141237973867,2.4938485697628305,0.0014539104751656563,-0.01685753443091423,-0.17876055809504493,-0.000020886536360164737,0.13560394867719777
0.0013578775870982471,2.495340469676915,0.0013073415059925441,0.10814787323075994,-0.28879502186000877,-0.0044783138478731175,0.09732708362848906
0.0004998205731998381,2.493072062921244,0.0011657428928804302,-0.015804968205756945,-0.17736108473064172,-0.0017584174388266926,0.11366066213311898
-0.000626027792659485,2.4938634239332904,0.0010694107671018343,-0.017153237018150243,-0.17779711631448614,-0.0012504263808626103,0.1363052731051798
0.0013536236554456934,2.4953559453544196,0.0007625596883987092,0.10751966874167385,-0.2879351918386517,-0.007240431375477393,0.0977116078886646
0.0015865326765600886,2.4923326811551108,0.0016171443229255952,-0.01405868158018195,-0.17613904878915174,-0.00024277926492327124,0.09353243890945151
0.00048462373376659875,2.4927577136305055,0.0016106273038463976,-0.01727360659150194,-0.179173973214099,-5.150256665331045e-7,0.11409915938752042
-0.000691704065119478,2.4938408391809976,0.0016092217722389922,-0.017737136862524924,-0.1796259407622252,-0.000013697900047508512,0.1377835686499379
0.001238298029690405,2.4954708871147178,0.0014859537762976621,0.10795675601609939,-0.2885875550673821,-0.003801088393711381,0.09991199100519041
0.0003842425064431537,2.493238026500808,0.0013805100134399056,-0.015409368844570484,-0.17692722204814687,-0.0003783136830043982,0.11744203130968091
-0.000702500519247629,2.4939982313587157,0.0013796636479970403,-0.016659149018952782,-0.1785531166158566,-0.000007527390043306102,0.13937973625531305
0.0014300162030530202,2.493862928781953,0.0011560175703088905,-0.00744198008805727,-0.1712111408083544,-0.003097433676305235,0.09925830029371199
0.0005031340033509679,2.4931388243918735,0.0010424994642480852,-0.015448346803585597,-0.17649948394140258,-0.0008462923676572211,0.11844276809356298
-0.0005506033962342757,2.495100408990776,0.0009992758202319475,-0.01592740347111809,-0.17718903530330127,-0.0006414248866703586,0.13960906942180734
0.0016741365753511087,2.49377860001695,0.0006103183590267889,-0.004965036713672483,-0.1723183263622409,-0.004765736769021121,0.09926965670586806
0.0008755708082872003,2.493036539063801,0.00053409217254737,-0.012906390770345381,-0.17444066939100802,-0.0003484897253655858,0.11397844137200916
-0.00004055882915734207,2.4948080511005677,0.00048745952520167396,-0.013921268670578685,-0.17516208506028658,-0.0006589555599439508,0.1319215813906356
-0.0008281862598303902,2.4962911616106847,0.00028182103790960587,-0.011438661856334367,-0.16967581636114829,-0.0036669420471969866,0.1480284616085996
0.0006276138162312401,2.495550458055819,0.001007850991965081,0.01273295837091362,-0.1681246348151606,0.019068319322270835,0.1187335480230995
0.000632475851844852,2.493747451462565,0.001665275623157698,-0.013054781511676772,-0.1748849942456497,-0.00009135025484461343,0.11862404448091997
-0.0004422504189856683,2.4939998816770537,0.001663598114791609,-0.01703716353146921,-0.1789180595492801,-0.000015066674723058882,0.1400860164160864
0.0016528509685364966,2.493856765575306,0.0014908633535029834,-0.009046381220040027,-0.17082814536058258,-0.002616522088990392,0.09987131844646219
0.0006834233400526698,2.4930902444099656,0.0014228765267607526,-0.015798141939308345,-0.17745503874431873,-0.00024112210422544403,0.11910136221822287
-0.0004021667499609872,2.493991350051177,0.0014216550765809464,-0.016475513389161256,-0.17837068371358575,-0.000007114826017370139,0.1407429923478066
0.0016829098870812104,2.4938591421439296,0.00118721126769877,-0.01031883680979268,-0.17068302367618435,-0.004322959915870898,0.10029608882067038
0.000628802674964444,2.4930803886836794,0.0009167831504152733,-0.017992882111402448,-0.17641304744539912,-0.0034904834950300477,0.12156134373929828
-0.0005454172539784659,2.495690256861137,0.0006542905987932562,-0.01636247477219838,-0.173023932168385,-0.005257729311180493,0.1449976357376961
0.0024471802686096993,2.494677798281803,0.000976857929458703,0.04538186974894704,-0.1641341123472284,0.04785835329997372,0.08937473543054089
0.0018340288069946078,2.492604702065494,0.0008733589897291802,-0.011898673425624427,-0.17608553803312024,-0.002402058179526075,0.09950748102947761
0.0009513364923676202,2.4929562954634688,0.0007869300644802933,-0.01398518852435274,-0.17523794935676867,-0.0006445233535960224,0.11554038137454038
-0.0000032150999114392723,2.4948318799911093,0.0007522073779033921,-0.014443352678661703,-0.17580548232799004,-0.0005387031508694876,0.13416097844051206
0.0001356843316771964,2.496817869365746,0.0004370396033514655,0.04564201053222364,-0.23461457014958637,-0.010571647761241176,0.13143286191030532
0.0010385916682227336,2.4951456469285618,0.00175957781563877,0.011988495783992168,-0.1703706952867817,0.020567788872848457,0.11392073059716515
0.0001420474877507298,2.493715929794698,0.0017504075965175843,-0.016483830241386922,-0.17838879316676665,-0.0008070123911496371,0.13127098116716235
0.0000039696854224005205,2.4968665697380046,0.001670717815653458,0.04357550820223307,-0.23747182378057,-0.003967270402634902,0.1340417526559279
0.0012110267914754893,2.4930683124553172,0.0014898912771224202,-0.014697010240204054,-0.1753575117812538,-0.0012340434682268726,0.11216333210845007
0.00015810185187128424,2.4935835556962,0.001473685999227836,-0.01614020373490892,-0.17803051556886088,-0.00001160772118049774,0.13244372885968878
0.00011251477249289645,2.49686381005537,0.0013513613070896139,0.044753274057244746,-0.2358801116180219,-0.005707384425762542,0.13338895596009315
0.0013959762572466736,2.4930691331707546,0.001153579258832257,-0.012577913032699735,-0.17393522637891518,-0.0005301920060107533,0.11064911920332063
0.0004272396795258663,2.4934685970348536,0.0011277333609723468,-0.015048612523983452,-0.1767444835743149,-0.0002953359326508414,0.12899785316481022
-0.0005286195674276897,2.496035766281247,0.0010454291037248875,-0.01313927267854729,-0.17245498160837866,-0.002588601434136885,0.14816971250627559
0.0027070693346558975,2.49313242528638,0.001606809595795938,-0.006443119342934086,-0.16829670031816688,-0.000043186719264178026,0.08865029052437613
0.0018276656234274531,2.492382082613864,0.0015120327988568552,-0.014730684038858494,-0.17782044435044608,-0.0012634338244421018,0.10299713594571035
0.000770400960015109,2.493036899088207,0.001498072232849581,-0.016197669927999286,-0.17808529863500458,-0.000009832137374177258,0.12243939597385084
-0.00032404463655710895,2.4951546032131904,0.0014965957566042925,-0.016499864922922915,-0.1783574800200306,-0.00004539320021299905,0.1441019003350152
0.001869312871932648,2.49390320183768,0.0012104729314713714,-0.006330710771529698,-0.1718314028419874,-0.0034585104658301593,0.10419906882393694
0.0010054941572345873,2.493114565474715,0.0011477828493946089,-0.014656908824683058,-0.17598492011435654,-0.0005832129698508469,0.12004111344746678
-0.000001914746142398188,2.494994539095076,0.0011194980035012664,-0.015308596791695448,-0.17684061274892124,-0.0003702778603918103,0.139679896822857
0.0021088843818866682,2.495209482546208,0.000744671769692649,0.10829818056328404,-0.28849738235813,-0.009219333481754403,0.10029704225790033
0.0023897523137896403,2.4923351979011343,0.0015453473124869721,-0.012868508970133353,-0.17667662495746295,-0.001989067176022389,0.09562462009228746
0.001402552552773151,2.4926228074275305,0.0014740831101034346,-0.01564013637501238,-0.1772741118188492,-0.00025886445819900774,0.11271676706002337
0.0003339972014869932,2.493531259888872,0.001471747716633062,-0.016182025155723465,-0.17807059874375944,-0.000015213035951991745,0.13308905011990885
0.00029214733218295164,2.496844712931721,0.0013408046950116386,0.04476188125834729,-0.2358626043012634,-0.006089153436079754,0.13395144974811884
0.0016137855428970485,2.4930406019898346,0.0011448946009708066,-0.012046298906853551,-0.1736641954995973,-0.000269164909244172,0.111000328656279
0.0006791426838190665,2.4934138382520934,0.0011382241742243,-0.014600728575698708,-0.17643229295008542,-0.00006691142365383808,0.1284763650792598
-0.0002959881732058197,2.4958073907826086,0.0010961708625793457,-0.0135787386679653,-0.173613771333986,-0.0018688200016028294,0.14783100183651002
0.0020083784023561283,2.493218794920418,0.0006762638274316232,-0.010714595190072848,-0.17004879794659475,-0.0025636845244648454,0.10693235294476591
0.0011859814718286825,2.4931885400623957,0.0005998874073768609,-0.012940322707215346,-0.17415911197160325,-0.0006789506976893276,0.1217710580737845
0.0003275866182469787,2.495400074996025,0.0005315387513387681,-0.011850367063327337,-0.17151530031301956,-0.0022364582589511194,0.13830666374146275
-0.0004045976935300083,2.4964223949559647,0.00030057467698216625,-0.010817824660050457,-0.16886274994818593,-0.0038607904083815176,0.15300140566741172
0.0010453228665686363,2.4956597387316943,0.0009566100337407838,0.012580363814127565,-0.16728191485832916,0.01807615903451365,0.1244547946148084
0.0014316829016437656,2.4940768374961753,0.0018983789094746144,-0.009541814007872629,-0.17158946596025082,0.00039729810099428263,0.11724055886100258
0.0004180584492851691,2.4937297058742405,0.0018897537356971983,-0.016631991585711745,-0.17850778806693368,-0.000017103252760214352,0.13652766444459719
0.00028626734748434603,2.4969982649013875,0.0018251299253434043,0.04367880743011295,-0.23763274335255108,-0.003881250952031132,0.13915952827324482
0.0014950374479032486,2.493198312270721,0.0016480018546286932,-0.014700410252949964,-0.1754021626122033,-0.001194203039916003,0.11752514186410869
0.0004404521420445163,2.493712388927299,0.0016338014640249884,-0.016200674597693664,-0.1780917821040653,-0.000011510963046173324,0.13757285519793286
0.0024326750883288907,2.495136651548978,0.001448175383787758,0.10832794710653325,-0.28896203302746665,-0.005703925781580892,0.1013452211119863
0.0016125283439806677,2.4928873045340807,0.0013079764195533423,-0.016789079316270904,-0.17728985842271902,-0.0027861873888727004,0.11645916033648782
0.00046780649824538,2.493701009905686,0.0011492421084995036,-0.017300542163891527,-0.17691878352066637,-0.0023082980732292624,0.13807959322139618
0.0004026925278996103,2.497045016377319,0.0007981341205604928,0.0440010148083739,-0.23388433742282522,-0.009779111277496843,0.13939625792824084
0.0026947340211421443,2.4927171523109006,0.0014387406574081862,-0.009863165192120073,-0.1715424263061505,-0.000183729407046326,0.09814316382609523
0.0018004972292949672,2.4926479059526163,0.0013657384069078052,-0.014482373533297975,-0.17631721150386817,-0.0003737387995514171,0.1131557867515675
0.0007936070629231296,2.493430663202125,0.001363152333557699,-0.01532522082648815,-0.17721317008388898,-0.00001551052235761467,0.13184080091174208
-0.00021251119133318587,2.495910002692515,0.0013318869264916538,-0.013991154127885494,-0.17417556303088613,-0.0017207869087658002,0.15172435069353338
0.003013392084433714,2.493188301131142,0.001936697925377341,-0.0070105801341813455,-0.16886438522971878,-0.00004499180809682679,0.09339489556838604
0.0020783137398152625,2.492343009113609,0.0018956691808638072,-0.01585185894694308,-0.17801993596550464,-0.0003418479159081526,0.10840263758170839
0.0009508351266221938,2.4931592067241253,0.0018926689273497481,-0.017232341632170807,-0.17910483025216195,-0.000022177672722358127,0.1289268108525133
-0.0002076414334979577,2.4953672183434037,0.0018907120960851836,-0.017442777971666844,-0.1792966855749555,-0.0000527255765754204,0.15171744427362333
0.001971149275495587,2.4932726375214993,0.0016613089460348522,-0.011762621732896435,-0.1762838618363993,-0.002359922666435254,0.11164784465251332
0.0009431824055374531,2.4933752676735548,0.0016147480615180797,-0.015938665496000596,-0.17759753588502766,-0.00024228347603676652,0.1305264857217009
-0.0001113858234719647,2.4958393947906767,0.0015791177247316927,-0.01473658787150309,-0.17490241912472385,-0.0017401296934742233,0.15126508559916513
0.0021421269234188924,2.493303545367659,0.0012794836222061628,-0.011198624033084855,-0.17168300863050548,-0.0016188639250345378,0.11069173007023414
0.0012468619562214065,2.4932606902225483,0.0012638871417505622,-0.014401173786495202,-0.17625645964799233,-0.00020656344504498125,0.126830386000243
0.0002831465611918152,2.4955959381586865,0.0012238800597085893,-0.013459420215094681,-0.17354244081929837,-0.0018208741764052158,0.14544378039047262
0.0034146403891682307,2.494378729245141,0.0017231014534303448,0.04680935336558357,-0.16547842215059094,0.050639915851791936,0.09091445912287238
0.002700455962988634,2.492322194995799,0.001616878506296508,-0.013524945011150672,-0.17781984033622414,-0.002451444959198015,0.10150596289003071
0.0017049538091578368,2.492740884424095,0.0015458063795347617,-0.015638528825537516,-0.17714305642518527,-0.0003938239156938246,0.11849340441534227
0.000643562065115704,2.493681068778331,0.0015303718643143753,-0.01602486921081265,-0.17770881377845543,-0.00021924657299490335,0.1384628670920771
0.0006099563383720471,2.4969750775291466,0.0013746590568387465,0.0447552699159309,-0.23574761392393612,-0.006877170867329393,0.13915648639199538
0.002875683263154142,2.492591138780938,0.0021169906329204713,-0.011985841329779718,-0.17349826323634124,-0.00008772483688208054,0.09883116099091484
0.001814408205438461,2.4925370734687866,0.002110300114951501,-0.017178856592083215,-0.17906835735844354,-0.00005980342153029799,0.11660671985412488
0.0006317562042004196,2.4935679205339554,0.0021078596217885483,-0.017896753360300652,-0.1797963990106556,-0.00003792200106495816,0.13876973418780467
0.00045533532026584386,2.4970777531955175,0.0020521635797356146,0.04335620996921287,-0.23762526249996696,-0.00320320769008015,0.14225729047082358
0.001655498214517922,2.49327821931985,0.0019076544954452312,-0.01472372523950956,-0.17581170803641447,-0.0008079192577332751,0.12069164138076888
0.0005771328388142112,2.493787525547493,0.0019034521886097796,-0.016762872706541067,-0.17865331322930994,-0.00001683602152447388,0.1410818328440561
0.0025443020197159936,2.495268874167999,0.0017511677274014122,0.1081775148382428,-0.2888265995354416,-0.004652938219292971,0.10540405452960062
0.0017480176404309706,2.4930148437316486,0.0016835175100462345,-0.014264056062851114,-0.1761546323842573,-0.000030269275074079408,0.11927178421338933
0.0006695229066938479,2.4937104279763993,0.0016455016216218089,-0.01658756827574884,-0.17791507904181664,-0.0005762788891523952,0.13951194473796846
0.0006012736600197889,2.497039703077812,0.0014791766418735001,0.044422879019532686,-0.23558721508445699,-0.006561351586753042,0.14085952598584486
0.002846074881059488,2.4926552179187396,0.00222347656168573,-0.012621326194967593,-0.17394405731970314,-0.00038827023400016546,0.1007064494764409
0.001764306606955951,2.492618411232042,0.002222006629748276,-0.017498088769994206,-0.17938519283967316,-0.0000645201598081544,0.1189696107309859
0.0005620304069335962,2.4936746458267125,0.0022192269407287904,-0.018182600666293448,-0.18006877257851467,-0.00002794913788092998,0.14161656984181073
0.0024728490501306193,2.495347816369566,0.0021223709347325177,0.1078511630744153,-0.28850230332959814,-0.0029919437415644556,0.10680094387624132
0.0016106670216297382,2.4930992602629463,0.0020507874621946433,-0.01556889702776468,-0.17746839838630354,-0.000004208775098979456,0.12279248949028947
0.00048141341819235095,2.493873613400532,0.0020489800142402094,-0.017333676407593545,-0.17923591602594283,-0.00003342402878030837,0.14425365227426326
0.002426837215902015,2.4954354381408286,0.0019165293116124385,0.10805378121455728,-0.28868455658907505,-0.004086859962049388,0.10859564909138773
0.0015583263629690767,2.493218738613852,0.001783048464878005,-0.01563652082432951,-0.17672048082372907,-0.0008245011179808525,0.1253040269621523
0.000472021021396487,2.493992250692431,0.0017639793623003336,-0.016503781267586788,-0.17824009197088223,-0.00016991471642200555,0.14599080564726744
0.0026194816013220146,2.493834162017147,0.0015100379484884166,-0.006702169658638814,-0.17170948726312343,-0.0034722870329179064,0.10860421817407155
0.0017378933589213591,2.493044120367404,0.0014396395399163774,-0.015066449041403362,-0.17683565126656228,-0.0013088958974766455,0.12389938647987833
0.000694275368353847,2.494962489162245,0.0013879000845744903,-0.015790257691598662,-0.17694717977282187,-0.0007498797631615743,0.14353210860182825
0.002780702039807484,2.495216993545532,0.0010010773897627093,0.10804112921223462,-0.2882504097992786,-0.00919842816641811,0.10616113735023605
0.0030596340609448432,2.492340084789204,0.0018017101619048357,-0.012874178502460991,-0.1766375679793641,-0.001944896231730848,0.10177548091615907
0.002069679039176245,2.492630074253383,0.0017314184455469485,-0.015673333508812698,-0.177300438901541,-0.0002695271740229949,0.11806640974205822
0.0010004795030678503,2.4935436584432384,0.001728966309411292,-0.016182128812767965,-0.1780731227174479,-0.000011955878700913984,0.13771319653210998
0.0009588160105988721,2.496857866205199,0.001597798385005337,0.04477062630975424,-0.2358558303860605,-0.006106233333897277,0.13854717275796358
0.00228072404480139,2.4930539128607125,0.00140445365403035,-0.012032543384989651,-0.17366457677383154,-0.0002565449033660746,0.11649683198129071
0.0013462728055394558,2.4934266738512165,0.001398040375254381,-0.014598224956839557,-0.1764345755573176,-0.00006430389379843783,0.13329947228941963
0.0003737371008278853,2.4958189458924664,0.0013588400806917246,-0.013528483492920629,-0.17361896617824638,-0.0018148251139804643,0.15203995443488943
0.0036105980226892134,2.4930816941278064,0.0019173879180752462,-0.006389720232453985,-0.16824376293842086,-0.00004276815511518516,0.09587763403004358
0.0027413267397826827,2.492371045825014,0.0018007662536565045,-0.01449789836322003,-0.1778967750135988,-0.0015835665324188417,0.1088914337222761
0.0016937730090745584,2.4929816497633874,0.0017735048437779546,-0.016066366684389186,-0.17786868066738662,-0.0000993662960218566,0.12698749238740076
0.0006105363629595825,2.494002941570488,0.0017698058039600675,-0.01633158555075349,-0.17816246533528268,-0.00007514059123121442,0.14748543020319396
0.002771722089055552,2.4938500926739477,0.0015031161512103516,-0.006227286758543653,-0.1718864763691205,-0.0035845081470033294,0.11034420445662435
0.0019183321947952954,2.4930488642789497,0.0014459716642181903,-0.014969482171807855,-0.17671250352144818,-0.0015259522758479585,0.12494567918474003
0.0008787530983858623,2.4949563803306787,0.0013826561847757241,-0.015724998401849103,-0.1767032502624048,-0.0009296969288093231,0.14431764566549599
0.0029660901076293275,2.4952013411616583,0.0009732567672217395,0.10799248887961739,-0.28819906094141384,-0.009710356990647847,0.10735974659010385
0.003260452037217334,2.49236855835455,0.0017537602374838091,-0.012434388644295736,-0.17652550419481433,-0.002296680509230203,0.10281356873093174
0.0023081666723269653,2.4926263663462733,0.0016611872930292018,-0.015213713658253254,-0.1766247004925665,-0.0004897013753407713,0.11818074455565793
0.001266660325878026,2.4934819961991472,0.0016483188870137157,-0.01576169073841589,-0.17752541713457934,-0.00014052603406096895,0.13701090839303212
0.0012475182595600692,2.4967416888329064,0.001495154571988979,0.04487920830836159,-0.23582481002823585,-0.0070298866960054615,0.1374078479153809
0.002584828156926112,2.492953365840613,0.0012568388150794485,-0.011891218172031556,-0.1730119171341036,-0.0007750694008801042,0.11590691215639375
0.0016816838145798662,2.493313959871619,0.0012289186155160878,-0.014049817400244403,-0.17568964604256934,-0.00035861312052827093,0.1317343967492768
0.0007540784429650312,2.495661567424125,0.0011788373185849267,-0.012848207563457297,-0.1727657237934936,-0.001987782359056992,0.1492713625700353
0.001801743816478613,2.4957201006189758,0.00162258749607266,0.014047429771437648,-0.16782303009974683,0.020095392732626782,0.12957542350985904
0.0018317327736123816,2.493798773762436,0.002320336361703668,-0.013430319448979761,-0.17521030796048023,-0.00006766505275425726,0.12901794720228507
0.0006879961758163135,2.494049580799088,0.0022695353311705567,-0.01886759268532951,-0.18069415076709588,-0.0015121040018267827,0.15063223829902594
0.0027149534903660295,2.49405525424978,0.0020811735477593778,-0.009042363833657191,-0.17085237779700538,-0.0024783792210808083,0.1140655282691782
0.0017481485152635436,2.493274985691102,0.002019226279245474,-0.01580928216990852,-0.17770157419798832,-0.000048300899695279555,0.131918421421846
0.0006459326965839964,2.4952604951039135,0.0020180561850012195,-0.01673602227473716,-0.1786412318266935,-0.000002826477402874823,0.1527832753497047
0.0028411521152239857,2.4931780731492976,0.0017735831727959033,-0.011489571906432147,-0.17221669488793798,-0.0012312843138972073,0.11339209009042928
0.0018906270138099477,2.4931218077381434,0.0017614379242673831,-0.015513663705601269,-0.1774016188759653,-0.00040369124201183285,0.12970522393712694
0.0008321180406438752,2.4951281152190274,0.001746802903779363,-0.016001609829442313,-0.1776938663292163,-0.00021404666800110787,0.14952596470532512
0.003045276872621449,2.493826210462597,0.0014165466630826292,-0.005802961452066217,-0.17202121527118608,-0.003992675716833811,0.11236787997823114
0.0022193063941211245,2.4930557181816626,0.0013583164928283472,-0.013782215307393963,-0.17557856887321444,-0.0007710588253121935,0.1261392931338537
0.001264566131212275,2.4948784730746563,0.0013325514222226717,-0.01448617050749994,-0.1760257129183132,-0.00036481000655110837,0.14357028971285365
0.001401071418795365,2.496870099001334,0.0010357868308017973,0.045684074988700134,-0.23470052053334553,-0.01004928354410922,0.14104364946297834
0.003736374402728925,2.492603307496865,0.0016492936864158625,-0.009517927365371305,-0.1727733345865789,-0.001660367542871272,0.10213215444381916
0.002907418747027329,2.4926068220298037,0.00148387270961923,-0.013287193966152598,-0.17658685540939548,-0.0018771877434797224,0.1146387083080908
0.0019427777346303588,2.4931656624078156,0.0014294607552060934,-0.014833134516325355,-0.17619367371933503,-0.0005429524968113213,0.13116841121328893
0.0009678497340724572,2.4955771279368397,0.0013652513361905945,-0.013526049122000002,-0.17322727263780496,-0.002206464692565994,0.1493484702635221
0.0019993617439429535,2.4956727265367977,0.0018304013380465224,0.014041048525310414,-0.16823673485203777,0.02050239825180602,0.1301829818716611
0.001998389248390497,2.49375049586073,0.002543172440236045,-0.014671836839003282,-0.1757008245840584,0.00008332363967758227,0.13019505426854724
0.0008572523935465707,2.4940550178992003,0.002541418435952576,-0.018045971434583242,-0.17993208088185195,-0.00002138333984303936,0.1514999553324454
0.0027645889477221405,2.49565384876998,0.0024683080880065988,0.1078403856475421,-0.28846918463200993,-0.002266953371512764,0.1170920771184404
0.001855168553103405,2.4933912684703596,0.002391026855777296,-0.016795549591263663,-0.17804746410410904,-0.0006341022845628881,0.1338404362501135
0.0006909755328256217,2.4953207671017057,0.0023856040190104017,-0.017689397920826307,-0.1796325891983467,0.00003875423126900812,0.1558197555904563
0.0028589782305179566,2.4932362831339616,0.0022153626569664684,-0.012480520831500308,-0.17562370661832935,-0.001651589654999082,0.11782971409904518
0.0018108149581120472,2.4933163140606585,0.0021952787720666955,-0.016510944572647655,-0.17840612755780633,-0.00004076800050023087,0.13605209170518812
0.0006804930834860013,2.4954107646184984,0.0021938208517215388,-0.017087805777202994,-0.17897666825835057,-0.000021166353913968075,0.1574563109813692
0.002814356587204804,2.493300790412303,0.001938775602042597,-0.013419728385940152,-0.1752628455647498,-0.0033257102753667515,0.11861573642305528
0.0016457306227385864,2.493433175505786,0.0017636317865814468,-0.018068203201950517,-0.17711586031694956,-0.0028706361798969825,0.13861920155604307
0.0014818507993751345,2.4968416005418708,0.00146944127854097,0.042847113218050785,-0.23462600110495696,-0.007293473179447209,0.14172376394884315
0.0037483193176756006,2.4925533303377057,0.002132411481531183,-0.010580188647078133,-0.17272860152757571,-0.0007492352369708713,0.103963898925011
0.002817044249428556,2.492531785408036,0.0020320987885506536,-0.015053187623277262,-0.17705176596343,-0.0007633040557470004,0.1182221230577329
0.0017681683097053216,2.4933169571538594,0.0020207087190763176,-0.01590865218128985,-0.17774580580947805,-0.00006680888955462094,0.1365110606554237
0.0007243372951401682,2.495840690708991,0.001987253547812364,-0.014539423291800822,-0.17469814958213414,-0.001749989011704314,0.15626625561266977
0.003000604559511773,2.4932960914138746,0.0016727602392531348,-0.010832610835997966,-0.17124659112547522,-0.0015470304111205471,0.11745268671772632
0.002118033513129689,2.4932427494958156,0.0016462478013371078,-0.014198060543798102,-0.17579831871747428,-0.00029985875819358177,0.13244807921541726
0.0011773904464896698,2.495559148760721,0.0016050676533925156,-0.01307881944997679,-0.17317826171361564,-0.0018063528225515158,0.14982383982979902
0.002226016883019048,2.4956241154514878,0.002086117484783032,0.014195415706183307,-0.16830404006231145,0.02072769204078324,0.13056287848370898
0.002232964232970426,2.4936894486076224,0.0027990054343871255,-0.014504134163984387,-0.1760260652060082,-0.0005157735341718324,0.13042423363209044
0.0010517367670250753,2.4940174371441413,0.0027600828675310336,-0.01821226081442779,-0.17999479942831392,-0.00012066182139699273,0.1521689057088229
0.0029568187574375406,2.4956349042164856,0.002683678433856019,0.10782347377669232,-0.288446208148402,-0.002360140203591654,0.11816754156612695
0.002024113378785677,2.4933712610452132,0.0025841723730451334,-0.017117728638477502,-0.1779708371721876,-0.001050086878388312,0.1344665617750806
0.0008388434592265224,2.4953105058085594,0.0025538753774531665,-0.017978334166497408,-0.17957193500666233,-0.0003189113907808993,0.15667299482792849
0.003000891936960265,2.4932392844210516,0.0023668653065478827,-0.012432831520555633,-0.17564828719548736,-0.0018155534204114263,0.11917501271163154
0.0019583976415947237,2.493325592136524,0.0023412090133688745,-0.016316777034527778,-0.17821285030653963,-0.00003412676775071004,0.13713592614587872
0.0008414799588176418,2.4954077358918156,0.002339670733473556,-0.01688493775146133,-0.17877095966815193,-0.000024171395639015008,0.15813065598323292
0.00297549843168719,2.493284373068994,0.002066336739450118,-0.01340096533873462,-0.17525956780278343,-0.0035870195654810295,0.11964631169602094
0.0017881444077856162,2.4934052750505162,0.00179328334955686,-0.019452585517435308,-0.17699551057393756,-0.004381977574065226,0.14103449228193105
0.001554224409432327,2.496964782776917,0.0013674972756300833,0.04227592617841928,-0.23357953110685264,-0.010254508032322479,0.14540456324502915
0.003828963781000673,2.4927361858871118,0.00197058496754151,-0.00931225711609649,-0.17161692615523583,-0.0006774433048495007,0.10740647984921779
0.0029873339822813864,2.492691302437782,0.0018571522568480653,-0.01358481052191617,-0.1760579952059902,-0.0010667568951859662,0.12026926716373947
0.002021565367815132,2.4933522894169426,0.0018359865670809243,-0.014697950530939204,-0.17638789059278048,-0.00021388376452897637,0.13690117681105213
0.0010563045431692668,2.4957732263170826,0.001791238961535789,-0.01338845453554614,-0.17337367852108546,-0.0019226840482116788,0.15490663328834955
0.004187189356282241,2.4945567043846606,0.0022748517251414383,0.04674238836804991,-0.16525272914355746,0.05037143591702759,0.10265636795640659
0.0034823467734817694,2.4924123538270946,0.0022040662680867427,-0.013569512534187648,-0.17721203003082966,-0.0018238241991373712,0.11258463871676788
0.00248813244575467,2.492879318816757,0.002166649416814818,-0.015443859238855872,-0.17726345406181704,-0.00008324974165733045,0.1287680779267068
0.0014399812245438467,2.493836675627578,0.0021653680860339104,-0.01583336819553814,-0.17770842871268602,-0.000031794391385796745,0.14772657635633712
0.0034900454811366303,2.495224716238666,0.0019022233246676389,0.10833361031506299,-0.2886634326081599,-0.007270666278819559,0.11257609193125899
0.0028058235754311674,2.493018056918885,0.0017952561928260137,-0.01276084033161527,-0.17446787574478695,-0.00013755716040974472,0.1256855226834831
0.0018708642985451553,2.4936265484350133,0.0017736256478878326,-0.014292543277441899,-0.17601420464146242,-0.00018114067751578888,0.142085931143829
0.0010108169426530575,2.496185916808838,0.0016499255617380135,-0.012034200619221586,-0.1710348364408981,-0.002907723819039126,0.1582604738637552
0.004268150337739518,2.4931868212129986,0.0021350334294956597,-0.005424972978341775,-0.1672596368570592,-0.00008538068429014977,0.1037880167134812
0.003485650783370748,2.4925098097903176,0.0019858514940067082,-0.01303462593958678,-0.1770457101617224,-0.002159004224773932,0.11485648059353716
0.00252979778101547,2.4929860145424456,0.0019222497700700414,-0.014882537038889566,-0.17630068942089452,-0.0004839562861098658,0.13046815567683162
0.0015217602543031563,2.494969295992192,0.0018936308380693016,-0.015216677201893599,-0.1766616959703973,-0.000461683382151156,0.1486609583213109
0.003635725493522746,2.495177697750589,0.001506172207873546,0.10827867870528342,-0.2885020682573863,-0.009487898232875986,0.11271607099132765
0.003932846870410452,2.492349841799244,0.0022859439135845382,-0.012449166426877234,-0.17665962626627219,-0.002375759043639173,0.10841411738037622
0.0029758221668251157,2.492608949884948,0.0021842528637685725,-0.015308046398516928,-0.17664421201452832,-0.0005986115656158484,0.12305855254694341
0.0019272947210571781,2.4934645389912458,0.0021653377596896114,-0.0158656141344072,-0.17754391053523,-0.00022853385412566484,0.14128757354144375
0.0019022313657456353,2.496733499126823,0.002007700605434922,0.044816862028952596,-0.23578025298623373,-0.007030174300871018,0.14178046953268902
0.0032396807261244856,2.492946841637525,0.0017717986329810176,-0.011867026366134292,-0.17300153235560053,-0.0007647893964944291,0.12118300066055909
0.0023212354789647746,2.4933164581327945,0.001728537840539132,-0.014311185647335198,-0.17566068012728317,-0.0005868728120292646,0.1366667899073518
0.001379434694368721,2.495682629478235,0.001660799516864351,-0.013046307090229312,-0.172692424476006,-0.002262776871251417,0.1539449540451376
0.0024165536731307643,2.4957553263256274,0.0020858386848090537,0.0139018520134428,-0.16768177506556264,0.01981171384640495,0.135015309954161
0.0024468403997368994,2.4938424498547187,0.0027733092446374933,-0.013252491760422565,-0.17500129585828947,0.000008449772170320679,0.1344779354667294
0.0013583764113869682,2.494096000339243,0.0027719865546030694,-0.017258899448566664,-0.17914462057739738,-0.00002247154037713291,0.15435678854948715
0.003447722943417323,2.493972433480365,0.0026181525460466895,-0.009027887979444702,-0.17083164171406562,-0.0023581575448517714,0.11815969005680517
0.0024762232745172952,2.4931888182838002,0.002560805434863227,-0.015886190656814052,-0.17777880503177515,-0.0000489997974492053,0.13516009070887364
0.0013680423369936807,2.4940988029095803,0.0025591799863450594,-0.016834875422449894,-0.17873084809930379,-0.000014263877492973729,0.15539586552750925
0.0034414206181012643,2.493997393403614,0.00235404739883926,-0.010197335470561713,-0.17064174479231659,-0.0038389703605404644,0.11902164606757017
0.0024019582275895046,2.493213267230014,0.00211760669718231,-0.017619788112377605,-0.17679702743281767,-0.00272452803631694,0.13803696303756277
0.001247487940053231,2.4957879748794825,0.0019098742061609262,-0.01611089009224487,-0.1736327103217483,-0.0044027311654241804,0.1591760048432993
0.004419994575227611,2.4931943230185665,0.002425806025059353,-0.005973881180938617,-0.16780857710427388,-0.00009098964956649137,0.10704932221320065
0.0035868504295644855,2.4924623063622646,0.0023163460730007495,-0.013959871031636435,-0.17733406839440277,-0.001540510636605814,0.11870274767298518
0.002575863381182895,2.493048171569034,0.0022887370015480277,-0.015520169710223972,-0.17730309909900185,-0.00012227172062495087,0.13513725725732909
0.0015282951909189979,2.4951067657056383,0.0022822557177918207,-0.01580333797426606,-0.1775852296622998,-0.00012719438816698276,0.15400440325935874
0.003755415422823412,2.493790570306405,0.0019441709666513309,-0.005363004654535113,-0.17220071993168387,-0.003995317761815046,0.11850758715543744
0.0029332831677173574,2.4930213806371477,0.0018789245643773744,-0.013793967685027442,-0.17550116200798493,-0.0010346855582287295,0.13147977075693815
0.0019748293427399068,2.4948507418609815,0.0018378130241821589,-0.014524711915104618,-0.1758229725678995,-0.0006095716889724495,0.14823264427787264
0.002108821996114379,2.49684173717565,0.0015195119369101132,0.045605626624907025,-0.23457312547579415,-0.010572919130226156,0.14584741458348574
0.0030084863152442386,2.4951707508189886,0.0028412789369830715,0.011938317451539568,-0.17039186312747354,0.020556335211492055,0.13024764959813215
0.0021187304072764505,2.49375182840165,0.0028445422672039836,-0.0159774639379664,-0.17785958929427478,-0.000018456551407790942,0.1456479098249925
0.001999032013147508,2.49686896665126,0.00278363777552043,0.04376025305443801,-0.23763045974445504,-0.003675679956756843,0.14783998264045334
0.003201245392799705,2.4930757741787173,0.0026273528324508044,-0.014776119096609941,-0.17552964508911606,-0.0011488424249042465,0.12866237872330424
0.002140026648479481,2.4935953268921898,0.0026145302755151045,-0.016347044845437596,-0.17824494265404764,-0.000039434081434531084,0.14688811214134417
0.0020833343595288343,2.4968974528194865,0.0024982113765216695,0.044682122463567994,-0.23587126711016845,-0.005331927130578407,0.1479496738545763
0.0033445943758728864,2.4930841325441913,0.0023126473161682115,-0.012721137375132906,-0.17421505590854505,-0.00042711062589570237,0.12740931423182722
0.002245562737340499,2.4935455591327202,0.0021753828879991634,-0.016946085792196613,-0.17693310703001264,-0.0019477045748843747,0.14588458833309012
0.0021530761592366264,2.4968656101621405,0.0019032644087154955,0.0439192206969927,-0.23489854765688156,-0.008749392149194141,0.14757949457620995
0.004434504473889365,2.492557851401913,0.0025739394584168886,-0.010546650529325777,-0.17253086597036646,-0.00041349383974369046,0.11135065600266311
0.0034996308155434935,2.492527162222902,0.002481537068335133,-0.015104088493613664,-0.17707514837888652,-0.0006237678385270686,0.12484853998249128
0.0024491527812335527,2.493323523401776,0.0024756721015708302,-0.0159614839815482,-0.17785183644267527,-0.000017048662481525634,0.1423576998438537
0.0014014376344449323,2.4958520730507656,0.0024455762195785395,-0.01459803794462898,-0.17481194787217014,-0.0016976301156213568,0.16151387079429202
0.0036745162868330526,2.4933083150934094,0.0021394237105621192,-0.010868402696228564,-0.1714619189297113,-0.0014786293635493978,0.12424731361504258
0.002792511981583166,2.493253653596037,0.0021258904695997346,-0.014248388085685619,-0.17610218204460093,-0.00022186076830202177,0.1385782520640082
0.00183882580860343,2.4955760437018606,0.0020849190540699848,-0.013311845921075814,-0.17338699766084598,-0.001833659154813514,0.1555531636686792
0.004973264254815308,2.494349700504751,0.0025727098232723455,0.04674840089029894,-0.16532063011230536,0.05045399245420006,0.10673863247002603
0.004274979485499808,2.492330679538786,0.0024491372256343364,-0.013187034592692897,-0.17779525307748695,-0.0027785733290084467,0.11557473289858085
0.003303746525028252,2.492721087679045,0.0023542519538342905,-0.015382042279831512,-0.17663989268885028,-0.0006464738186184808,0.13016958126757935
0.0022561495799430474,2.49361840723074,0.002325085167211668,-0.015827600792142165,-0.1773193636821469,-0.00041721647442397676,0.1480664678653686
0.0022327376852903187,2.496881970026912,0.0021479478801144456,0.04476798973031581,-0.23567293478835116,-0.0075565061990312595,0.1485236428104241
0.004513878525701175,2.4925075639083647,0.0028663290559668674,-0.011336720803187563,-0.17309138311799097,-0.00018912851299313145,0.11245624542176658
0.0035071880304189504,2.492471596781754,0.0028186011077450815,-0.016237902036542833,-0.1781006176461077,-0.00008246710256174463,0.12702020571855935
0.0023788402914617464,2.4934043149724956,0.002815784881330234,-0.01717048571494927,-0.17904079459752612,-0.00007564555306929603,0.1459767960060108
0.002242211536506193,2.496823935047234,0.0027389869811763096,0.043615857153179366,-0.23764977007568797,-0.004372148122187527,0.14844232802154916
0.0034626315067322624,2.4930255682594376,0.0025586428573744933,-0.014026246260152224,-0.17495562662733505,-0.0009657579142871337,0.12847270299459818
0.0024443076609602502,2.4934993108969667,0.002551433708444743,-0.015807488220518636,-0.17770101055600018,-0.00005095275436932935,0.14561361599742476
0.001400268256009972,2.495986421101045,0.0025227922294229054,-0.014571458252970342,-0.17482433743930875,-0.001658627139078046,0.16477664412754317
0.004613535358530316,2.493277966929797,0.0031983939394380576,-0.007803562179371499,-0.16964711138780378,-0.00006383203615047551,0.11198947418125631
0.003603009779162815,2.4923884349081376,0.003192263515182887,-0.01715416357622245,-0.1790287206982861,-0.000035305474818104493,0.12639780115611732
0.002398839985195253,2.4933492212821555,0.00319053968239719,-0.018335768253094988,-0.18023875835066203,-0.0000365784488319593,0.14654538210180493
0.0011682497215651192,2.4956492909774504,0.0031885245004493238,-0.018513965009450302,-0.18037855572929612,-0.00005180291778890978,0.16931846821594193
0.0033253586686229518,2.4936329101968333,0.0030519835677329703,-0.012526595949864525,-0.1758492170348524,-0.0015723556385227665,0.13168749601972699
0.002250779792956107,2.4936864133414263,0.0030459106922882634,-0.017188330441127855,-0.1790767243754208,-0.000025919682052766564,0.15010055845848475
0.0020947635340694635,2.4970458323628195,0.0029905661065943966,0.0435104069308367,-0.23762972610498956,-0.0032813178361708367,0.1529533388806032
0.0032970605700429144,2.4932432174117176,0.002841719216841154,-0.01473028152742843,-0.17574681882255191,-0.0008850256218599245,0.13336592419613233
0.0022227383676271363,2.493753068809787,0.00283575091110122,-0.01667625647516151,-0.178565761774254,-0.000023931578338707577,0.15186275270165883
0.004193918697993062,2.4952253676201432,0.002679427906056949,0.10820400874569465,-0.28885036282871107,-0.004757956153323765,0.11974352961542577
0.0034028293600882786,2.4929754834142246,0.0026088504293729936,-0.014147662030688733,-0.17604025469488338,-0.00002560753162157268,0.1319810764294506
0.002343064451469335,2.4936621473054803,0.002581569516262762,-0.016196681925730712,-0.17779102906565192,-0.0003146707753735783,0.1500054872516836
0.002292868341576435,2.4969590009490386,0.00242467252910334,0.044618080463974696,-0.2356813505205332,-0.00658729187461419,0.15093620501325297
0.004541938688907081,2.4925726384412767,0.003173094962995524,-0.01263039527383054,-0.17377828160148373,-0.00019563328816814428,0.11515134007839883
0.0034634225077267546,2.4925331312887598,0.0031698189505396466,-0.01744533061321244,-0.17933564764009963,-0.00006576085302868409,0.13100498347813788
0.002264465559359074,2.4935848086441674,0.0031677927619576667,-0.018138240831703477,-0.18002612939763968,-0.00002586429901639614,0.15143477181455275
0.002074935457886384,2.497122628358775,0.003119296360755938,0.04327235223251617,-0.23762162690883606,-0.002790151818095265,0.1548956230077116
0.003240696510317116,2.4932804187684514,0.0029565599199716836,-0.015315434937533913,-0.17842045446472615,-0.0025749424805841924,0.13589660233648648
0.0020755052880399886,2.4939019550716823,0.002885074259310728,-0.017776927620996846,-0.17887070036548283,-0.0008205660614007688,0.15615197691761093
0.004142665562424834,2.4938435182277208,0.002658108372540363,-0.009047975319067241,-0.17085053336458197,-0.0032516583719025913,0.12224681364260884
0.003203891014777608,2.493033909245986,0.00257803171842477,-0.015388742686664313,-0.17687567944198257,-0.00041331293894894284,0.13682550009319502
0.0021503011586050526,2.4939055851227168,0.0025685993898376686,-0.015952393296357753,-0.17776217510877812,-0.00009866043702629935,0.15511582704025145
0.004194131094546419,2.495297701697898,0.0023079170774009568,0.1082854823105087,-0.28860364741194716,-0.007153552015446417,0.12160477772693552
0.0034982373162115994,2.493089972755944,0.0021947074723496864,-0.012832295490311793,-0.17456957026118575,-0.00010057500210828702,0.13419245216714132
0.0025582503890443625,2.4937030388808394,0.0021760514678208797,-0.01439056173565802,-0.17614570207036162,-0.0001643592460877321,0.15003193844233986
0.002654659692099954,2.496767840382205,0.0019464674315435742,0.0456594763054442,-0.23514589817369735,-0.009319073943384574,0.1483787637984958
0.0035720485390599186,2.495072787676846,0.0033372986912452085,0.012164249744956723,-0.1712422365248411,0.021632243744624295,0.13302437650339508
0.0026150802041951587,2.49364122400301,0.003310981503693793,-0.017155439459099277,-0.1804101927298453,-0.000513964404893189,0.15014602907276406
0.002408156674848101,2.496979722830393,0.0032476155771736853,0.043072005618435785,-0.2373737618943229,-0.0023493681129262652,0.1538423822937835
0.0035831864980992107,2.493184590306594,0.0031440737172221,-0.015030318465649386,-0.1763097890997372,-0.0006228972731529978,0.13477416249328927
0.0024668151004684827,2.493700817456821,0.0031419675391650766,-0.017416101105575163,-0.1793179042652741,-0.000037336140754990816,0.15366674052830706
0.004405254177325492,2.495250152495033,0.0030281411836821353,0.10800726112360705,-0.2886879949271542,-0.0034393117045418793,0.12253333688057909
0.003582502226647922,2.4930161692853505,0.002982390220030513,-0.015044425026324448,-0.17694954402783458,-0.0000020074323715448678,0.13615012557868714
0.002491885637294113,2.4937686395042977,0.0029807026135811633,-0.016732025745927588,-0.17862390801427586,-0.000021908879829628523,0.1546951666128004
0.004463325100494921,2.4952659550525276,0.002817725831840118,0.10819995912357205,-0.2888460919550445,-0.004965286307413678,0.12296569525336443
0.003677594816442419,2.493020396676661,0.002739607798528914,-0.01401628962522993,-0.17590834610819514,-0.000026522517411224645,0.13500615528464183
0.0026374745567414337,2.493693448150761,0.002723492999345024,-0.015950150785816256,-0.17766636763209329,-0.00019394567215616886,0.15247213148268038
0.0026008475424679155,2.4969631389407505,0.002573414495223751,0.04473546827122258,-0.23576764246185383,-0.006590440752165598,0.15314603867135432
0.004859700006462019,2.4925758922754606,0.003322138552003557,-0.012267375172118128,-0.17366300744229654,-0.00011867585968892888,0.11790405443348322
0.0037863800222452037,2.492529617099099,0.0033174833589770048,-0.017367309986055783,-0.17925660269551758,-0.00006983050193883627,0.1333259447145128
0.002591646000824204,2.4935749912121734,0.003314532826187161,-0.018066370314417497,-0.17995725713266986,-0.00003057255852045781,0.1533310643831964
0.0024062094691354743,2.497104726346818,0.003263958693940852,0.043301173460384736,-0.23762345751008268,-0.002908832649534898,0.1566689434458358
0.003602976122761033,2.493303108147125,0.0031342393447314223,-0.014738878777500058,-0.17599433267147907,-0.0006468994984733597,0.13730129910670344
0.0025121476744068903,2.4938121601487175,0.003132240026055428,-0.017006736242698717,-0.1788983106433744,-0.000022835227479402842,0.15585150144862267
0.004468325001631433,2.495318738488242,0.002996105465596818,0.10810746007331147,-0.28877561368389526,-0.004095518180386235,0.124320160509762
0.0035981919871262633,2.4930655137960454,0.0028621250846105955,-0.01562418606499433,-0.17661403981312315,-0.0010927311992679327,0.13764032892518044
0.0025126540205544622,2.4938336421699168,0.002827754856385464,-0.016493060646556146,-0.17801196563758784,-0.0003935853312387327,0.15609885886817335
0.004524159712518666,2.4952642443919717,0.002599588066197952,0.1077132782055249,-0.28856396442791626,-0.005166313123260921,0.12397975136917991
0.0036160616537406205,2.4929358531955033,0.00224736868833469,-0.013294038087298806,-0.1810976893976511,-0.0059539494150806695,0.13955247311997118
0.00243649474215186,2.4950431721269437,0.0019885757863361718,-0.017659354138111455,-0.1756135640826746,-0.0039768138768895905,0.15954131096979982
0.0028669493432139782,2.4964115880228213,0.0018542076624873775,0.013761677205230959,-0.16444370085397886,0.016433929144013076,0.1520294078963018
0.0036082982915390622,2.4952578259116964,0.0030347416600354153,0.009857517162449338,-0.17012219772542123,0.018197226269365912,0.1396927893513879
0.0031116769953699846,2.493686843121984,0.0033454788872774263,-0.015366060047650993,-0.17725069421539788,-0.0001047099671365814,0.14783948216808948
0.001968768548450025,2.495425574242637,0.003344127004654242,-0.017622307535888112,-0.17958583011544055,0.00004901944470950512,0.1680189065320598
0.004151017297681026,2.493315747566116,0.0031758597035148385,-0.011511615182545457,-0.17626998700898283,-0.001386862851381742,0.13259587160327316
0.0031092498228377954,2.493387382677965,0.003166846590980003,-0.016589892185472955,-0.17847683530534067,-0.000020394715087890165,0.14921426719732436
0.001972168408691429,2.4954857459703854,0.003165360311932786,-0.01719678328930915,-0.17908732695802498,-0.000025105028890480643,0.16934653780695966
0.004104029401361949,2.4933818938461876,0.0029266579546551163,-0.013428217342373027,-0.17526332120801982,-0.0031844697844475374,0.13343295898131968
0.0029378488456337144,2.493507485844279,0.0027637081146653585,-0.018017142897822556,-0.17727649671487886,-0.002664758807836305,0.15164342096258046
0.0027811788537042866,2.496916835453588,0.0024754137505529294,0.043178536870279796,-0.23459766003869648,-0.0075911414151991876,0.15443148646437796
0.005043568483674993,2.492590735297038,0.003161041408770365,-0.010773426074218873,-0.1725291337774628,-0.00022973915666222826,0.12001339375860777
0.0040801996076428124,2.4925406076719407,0.003105276428302701,-0.015528645773052739,-0.17732734094608046,-0.00010284012371606174,0.13333529711527112
0.0029995666748470445,2.493419981213946,0.0031040257102378584,-0.01643331138195463,-0.1783241814611819,-0.000018820074708673705,0.1507458538313094
0.002904118135671219,2.496754634951572,0.0030115688900549395,0.043901488805709585,-0.2376964909314012,-0.00542652053097887,0.15241532382236608
0.004194344151475678,2.4929834265866315,0.0028214282598846958,-0.012761116272355677,-0.17417863546493131,-0.0004999525770815769,0.13342175944223925
0.003100915930060358,2.4934612441234303,0.0026951151685469313,-0.016625688347002884,-0.17683235364313268,-0.0017102306661348516,0.1508284881224015
0.0020501788359042865,2.49615285804533,0.0025122124091753973,-0.014457562530927396,-0.1722143823488125,-0.004167095870833886,0.1694100136333531
0.005252380757969827,2.4933301287136453,0.0030221190012721705,-0.005888203503336549,-0.16773209731973654,-0.00006319443963465652,0.11915451873183044
0.004408941036193029,2.4925104678011154,0.0029575520101046944,-0.014264071919479334,-0.17700739627067089,-0.0009201292321186591,0.13028839711059695
0.0033870655157671415,2.4931743313419927,0.0029517537975413976,-0.01566643773557114,-0.1775542674616088,-0.00002052906791689356,0.14611046234882066
0.0023296096027750103,2.4952572012973424,0.002948935030490587,-0.015949242492146555,-0.17778303808352863,-0.00007933135512991349,0.16440398544086168
0.005429537924559588,2.4945488302602787,0.0035606550035916255,0.0472038231033021,-0.1666846424128761,0.05229040757695225,0.11714068421022439
0.0045978252363685695,2.492256895162545,0.003547812726452905,-0.015815360609619467,-0.1779716617866968,-0.00030742481223763993,0.1276710014415674
0.003441592932732365,2.4929856374554604,0.003544650920747705,-0.017857881469905176,-0.17972148940784954,-0.00009168149043401877,0.1452733090519396
0.0022398451193992776,2.494130894112935,0.003541700073842728,-0.018100532080080327,-0.17996058978307936,-0.0000563726053783501,0.16608486670773898
0.004306749021592512,2.4941620439217256,0.0034005476527871354,-0.00903387115666618,-0.17085182423114673,-0.00214795500790264,0.13206219448240406
0.0033301957581137044,2.4933687808367617,0.0033540498513371883,-0.016172847061897203,-0.1780687419361017,-0.00003362330960677213,0.14822491642749272
0.0021997876117621626,2.4953749145291266,0.0033524075181173623,-0.0171666482523538,-0.17907820569868668,-0.000004180382359504971,0.16796068841046843
0.004375377453024122,2.493311029761308,0.0031429113230268587,-0.012347872634911067,-0.17274609271883612,-0.0010661625691679702,0.1321539364938499
0.003350841647894569,2.493295349644587,0.003080212342010834,-0.016097242246749598,-0.17788255364780245,-0.0005073148210158081,0.14813407033605908
0.0022583294288248935,2.4953585960155644,0.0030581254135856667,-0.016511383621522827,-0.17810014946712605,-0.00032019864965947194,0.1671348372975307
0.004471208349561358,2.493289432086909,0.002760964099410289,-0.011691243868354222,-0.17169620130086385,-0.0019734189650563528,0.13235918257577023
0.003535824227392745,2.4932647374572894,0.002712348721289948,-0.015046402493185989,-0.17650655410517482,-0.0006976198570608572,0.14671669364745676
0.0025412263714471852,2.495644633459669,0.002639986583306467,-0.013856384247610947,-0.17346407326736024,-0.0023077356029491468,0.1637023903340961
0.005653095991761085,2.494456729081334,0.0031122263943324457,0.04655675074389773,-0.16526884557218946,0.050229813721627395,0.1173307588906193
0.00495223434035666,2.492376975380382,0.003017371735328926,-0.013346675792403992,-0.17746282376441933,-0.0022783634101726396,0.12575349899788102
0.003969421473486219,2.4927955996208535,0.0029551387540100345,-0.015403448140854967,-0.17699334439801784,-0.00031772349790551744,0.13987200516040363
0.0029244004500746067,2.4937305641131555,0.0029428779631993263,-0.01578036404008883,-0.17751142012014381,-0.00018076784314554318,0.1570518226800913
0.004975483089263657,2.4951078922229284,0.002663014583026425,0.10829909708380221,-0.2886356342850815,-0.007623135338245523,0.1255473570944812
0.004295609195119367,2.492908285877869,0.002544133380774029,-0.012884644159093057,-0.17424297959871554,-0.0003996245459246278,0.1372881922421725
0.003353485583724065,2.4935273708577315,0.0024933095185693593,-0.014384903757068803,-0.1756696980586427,-0.0006254107287762499,0.15220172068844212
0.002489691169823579,2.496093427816486,0.002338433286233098,-0.01206851639331116,-0.1705925927618763,-0.0033907901815050678,0.1671841247259498
0.003949182993919885,2.495390902479019,0.003131685989916485,0.012837475411813713,-0.1689532728560959,0.02002517227908192,0.14257920369070912
0.003532199235702632,2.493662535211773,0.0034754034118978164,-0.01468824663260262,-0.1765802249135892,-0.000029894764768033446,0.14926274837525152
0.002427342742419805,2.4953433759260917,0.00347509201736208,-0.017059458570591827,-0.17903445076768945,0.00005944691287078972,0.16831444938586793
0.004609471462302032,2.4932039505860186,0.003262784012776083,-0.012054493853935911,-0.1757515043046137,-0.0018788974173083283,0.13427174389366986
0.0035768437715007536,2.493310654609622,0.0032205828628844766,-0.016008996878251865,-0.17774883210371054,-0.0001711803264996617,0.15019141513240386
0.002490936038078082,2.495369090255794,0.0032169922250165207,-0.016403143097771876,-0.17826214267363316,-0.00005620736786787366,0.16890315002402434
0.004626880403271938,2.4932146929100925,0.002903777683489865,-0.013432609274935928,-0.17526375338994993,-0.0041654027852042,0.1342288211125202
0.0035245151996801324,2.493361648205783,0.0026388777600041746,-0.01759098196590924,-0.17622918449108535,-0.003289035285283529,0.15293748848186273
0.0024199268952807365,2.4961302211912404,0.002343219536989828,-0.015191771179272647,-0.1712146094560999,-0.005912224151847575,0.17200487614659876
0.0056020993216200155,2.4933707772495666,0.002749827085442341,-0.004602404238146128,-0.16636490425256392,-0.00019600226932315186,0.1234695703250593
0.004892552740660772,2.4926764987733603,0.0025988223308196163,-0.0119051092406699,-0.1760371039276896,-0.0023404473235608585,0.13238832088297137
0.004013693056020597,2.493082641561529,0.002517551745514481,-0.013802804649671657,-0.17500138953443187,-0.0007096563616687024,0.1452289588170292
0.003075284723391653,2.4949729683967847,0.0024726198978167646,-0.01418543780323938,-0.17537351027532408,-0.0007240998758373621,0.16060454424163165
0.003227665762221172,2.49693039473776,0.0021342357979437497,0.045674290112803,-0.23453622326171375,-0.011350483187591076,0.15805472981911015
0.004120541076927394,2.4952769021757315,0.0034129598077952063,0.011863159952169938,-0.16978085151409633,0.01987865217430919,0.143601149288036
0.003656976735289204,2.4936127552014,0.003752978165328475,-0.015365723729380273,-0.17725166472607704,-0.00006883053130002549,0.15091288136875686
0.0025085228222386543,2.4953454687000103,0.003751344193598543,-0.017706758414483822,-0.179681732629238,0.00005831372369582012,0.17054640757180345
0.004657846715938995,2.49325416778079,0.003576484442620612,-0.013518729923699017,-0.1754179515877287,-0.0023516536143853056,0.13591656625842854
0.003585563502494727,2.493313094984066,0.0035471290567871258,-0.016689126779424333,-0.1785794950744723,-0.000020366495369994266,0.15231751257498752
0.0024427643995315225,2.49542232994152,0.003545761614008973,-0.017277620106335014,-0.17916983535420214,-0.000024565881012880033,0.1719660071027663
0.00462628284692418,2.4933605758360913,0.0033424955858016633,-0.011846363497195596,-0.1734031307202125,-0.0008470689984568464,0.1366248164292933
0.0036360354428697475,2.4933289587353933,0.003328639443337896,-0.01602101120773463,-0.1777112612895591,-0.00021973782657024588,0.1517582817223621
0.0025328034690397087,2.495380283810426,0.003310273077545311,-0.016696846926864104,-0.17830347053949877,-0.00030217267226010714,0.17060877596176624
0.004726106039041241,2.4932984420557798,0.0030270376320555127,-0.011639705732861709,-0.17227405501163406,-0.0017403062435528984,0.13577511904115422
0.00380149808004151,2.4932556510395734,0.0030039479947793824,-0.014920508717884263,-0.1767783829941602,-0.00042257275909818683,0.14967067973603052
0.0028067934823216172,2.495630140911484,0.002959213750978925,-0.01386213399996066,-0.17389352926019844,-0.0018832085153436865,0.16635284151296192
0.005927892952926356,2.4944387719750964,0.003484505202705013,0.046847452818907745,-0.16581382231682928,0.051072033632539184,0.12095999951784708
0.005178243942974457,2.4923044771470666,0.003412682632531811,-0.014224684300232712,-0.1778910836212662,-0.0018059583244799196,0.12973464180407282
0.0041362856658050794,2.492809985955307,0.003379356919212582,-0.016131565267773512,-0.1780154218179689,-0.000026297173074128643,0.14449168709382415
0.003038517585451479,2.493817676048314,0.0033777266585597134,-0.016571329735773122,-0.1784546018043808,-0.000031526134066001826,0.16240472815574145
0.005057221472448206,2.495286352858471,0.0031575258052370437,0.10815336333714189,-0.288499133891283,-0.005923326480722977,0.13140765609090166
0.004311003279045357,2.4930494462846964,0.003038909546192647,-0.014194576056117184,-0.1761528097113463,-0.0013303175316173887,0.1436996516757636
0.0032985148077467083,2.4937446781248775,0.003005506264723479,-0.015421796549192901,-0.17693427933434516,-0.00038071471973462703,0.15990183610934247
0.003340312956454071,2.496920129975031,0.0027791166518671747,0.04524476839092573,-0.23495468442569672,-0.008354375960567975,0.1592297746207531
0.0056357179057634306,2.4925413891055506,0.0034754961170700813,-0.010861187564863622,-0.1724683569392432,-0.00007457895860500724,0.125895456005745
0.0046710402078219485,2.492500855209614,0.003406964457492044,-0.015583423793207448,-0.17727588286186105,-0.00021541817419865216,0.1384684965408565
0.00359006290230301,2.4933669866929313,0.003405402482746293,-0.01645253575490031,-0.17834308148625178,-0.000022792028086287217,0.15511606688583673
0.0034934438212353603,2.4967026260955447,0.0033131991819509363,0.043897025208206854,-0.2376983163203542,-0.00541093965719692,0.1567382838045798
0.004770569759771541,2.4929133410926028,0.0031006017074709795,-0.013250935151939305,-0.17419953778698655,-0.0009521156725347587,0.13889941650889923
0.0038001366632258284,2.493351540078146,0.0030870417641074587,-0.01509489729025625,-0.17683276589537542,-0.00017110872467545447,0.15359663558954623
0.002786946992346655,2.4957901956085196,0.0030299576050066067,-0.014169300247489552,-0.17395756638731705,-0.002128307449339769,0.17066536713152575
0.005074935170898941,2.493229936154021,0.002634451371653902,-0.010806950479120048,-0.17035834074367323,-0.0023586002346204227,0.13714783862435528
0.004234758685016947,2.493188994221413,0.00258350798399253,-0.013133392625686451,-0.17467374514002368,-0.00036594787627562876,0.14932410133664936
0.003349317672832072,2.4954325267491604,0.00251978175664832,-0.012321005469907073,-0.17202728824476374,-0.002206451970825404,0.16360444988087997
0.0035388857390481906,2.496916254676164,0.002154991757126234,0.04586143049394877,-0.23443734479294204,-0.011991675689892628,0.16047499699336282
0.0044294290513394105,2.495270206251893,0.0034055348130296566,0.011847268745835872,-0.16935425066294904,0.01943718660034051,0.14635661817939097
0.003991175875949226,2.493602748868263,0.0037381452490997014,-0.014824014563143235,-0.1767088661502597,-0.00004109040206038732,0.1531085648549906
0.0028792639975900856,2.495297371938511,0.0037367440298548193,-0.01716433590296915,-0.17913187813752793,0.00005032504235614039,0.17170479259858695
0.005058359199569156,2.493162626043236,0.0035288940867850686,-0.012162979140004021,-0.1758958065799294,-0.0020217861209279675,0.1387118662442403
0.004024847677703781,2.4932582840170703,0.0034909271613901677,-0.016029647431066683,-0.17784530528910802,-0.00009666921705997959,0.15401013480693426
0.0029335116074382553,2.495319254114611,0.0034892656282856115,-0.016499545253811483,-0.17838115472493518,-0.00003538736555266294,0.17223836533536982
0.005070311790287052,2.4931714324786878,0.0031871241942608448,-0.013448325588015318,-0.1752645458543694,-0.004007529109581502,0.1387724075527805
0.003973168663235519,2.4933093400517894,0.0029371337602388027,-0.017565567170027652,-0.17640276365122728,-0.0030913209394889773,0.15670241919329295
0.0028692936460471487,2.496074913772373,0.0026560063051216734,-0.015188376793761263,-0.1714412505652526,-0.005683173441198722,0.17518554717950874
0.006052128020029394,2.4933100720328762,0.0030847935099146476,-0.0048472039860169465,-0.16664608866517489,-0.00016367408525590397,0.1285036957487734
0.005314735777455569,2.492627736557148,0.002930931749991427,-0.012277956400755956,-0.1763162125249901,-0.0023319571353572956,0.13730811423182318
0.004410249392850765,2.4930564493169083,0.002852203632699156,-0.014161548033421869,-0.17538600780585828,-0.0006861034003784395,0.15004149171412345
0.0034489912224270882,2.4949782545343484,0.0028088957689131216,-0.014521780374967732,-0.17573976042881456,-0.0006965930169017784,0.16535800019346708
0.0035834684742845633,2.496971723500039,0.0024817769790299983,0.04556843979908423,-0.2345277427657028,-0.010752650871251082,0.16316610123322678
0.005926420827710793,2.4927073481063475,0.0030717373603752146,-0.009147102135873535,-0.17223994761413117,-0.0017593183443011275,0.12999128578638577
0.005127266190308306,2.492700605723704,0.0028995965746769835,-0.012829135709014934,-0.17602239633149827,-0.0020189894503712105,0.13993130615260765
0.004193847212135577,2.493235336260718,0.002832941486743763,-0.014370770551199707,-0.17554336529932857,-0.0007383656049721871,0.15349357980343792
0.0032495829022927457,2.495608644814759,0.0027540753798736537,-0.013071636088594246,-0.1725522242276186,-0.002435377838955073,0.16887228105090685
0.005402319601064104,2.495309626458671,0.002264562019974103,0.10825637903908646,-0.2883910124529104,-0.0116970187693409,0.13644202198038874
0.005760494023163368,2.4925576373552407,0.0029921092770052926,-0.01087368308130019,-0.17554533842956138,-0.002992846967391019,0.13203600731003737
0.0049327109060731756,2.492800280220267,0.002832678965539091,-0.013201883377320436,-0.17546746716170217,-0.001684801824359041,0.14274500709752436
0.003990680054830588,2.493431943091452,0.0027704623740335047,-0.014356587277930013,-0.17543929098631164,-0.000829368390344962,0.15682850067797435
0.0030869699759668813,2.4959601490589054,0.0026443083863403353,-0.01233855578136785,-0.1709719000947217,-0.0032840544396544103,0.17181249376497748
0.0041249557476944355,2.4958571418176927,0.003017871809670199,0.013745169897492653,-0.16705802002811357,0.019046127552537255,0.15474835097102696
0.0045495092705077865,2.4941497178650924,0.0040175659006742095,-0.009996908528945043,-0.17203975590822457,0.00034897813996259675,0.14827684742805772
0.0035026327459340215,2.4938069141122274,0.0040128346336443296,-0.017217823584115825,-0.1791176972140879,-0.00004775488351637077,0.16477981601321418
0.005438942176896345,2.4952684721146188,0.003916285074711542,0.10802379301347868,-0.2886515709256676,-0.0029759970519905904,0.1360975392730839
0.004541068220519654,2.493014797176964,0.003822679527517609,-0.015908282203205414,-0.177426169889188,-0.00038989878680974937,0.14863970172018579
0.0034175021224061687,2.493796966996488,0.003820824345848926,-0.017231394850305875,-0.17912513660564486,-0.000021915837604333402,0.16644598714029518
0.005367018173316255,2.4953490188965297,0.003685903597860157,0.10806633972515424,-0.2887324387424149,-0.004093162866634988,0.13726880387162438
0.0044989711262542675,2.4930812623934444,0.0035490636813620825,-0.015765360600473025,-0.17700701180777662,-0.00124241357964494,0.14967583344872062
0.0034052149404499433,2.493863411831905,0.003503346285808776,-0.01666749147309304,-0.17805120687476172,-0.0005282010820635757,0.16711344344339873
0.005412997754495501,2.495314623132423,0.0032508514175407007,0.10792240362889585,-0.28832733332769,-0.006407525386308501,0.1372149483956095
0.004670360681544138,2.4931106670542036,0.00312247755556395,-0.014151363178323311,-0.17536072800255714,-0.0010689047660502717,0.14908168831140223
0.0036704647118425263,2.4937727633165143,0.003060093698621365,-0.015223501526437437,-0.17708012222334857,-0.0011465020856300768,0.16461759587584404
0.003710558361056832,2.4969405781243723,0.0027838738330079413,0.045087218506898896,-0.23467310193939434,-0.009625553746203162,0.16399091908419047
0.006024492602816395,2.4926253044589712,0.0034263417886184213,-0.009943451220630515,-0.1723327026078879,-0.0008627321686694426,0.131510333137514
0.005142364331751784,2.492596852599463,0.003312674213753138,-0.014220536320746354,-0.17664190872338417,-0.0010135345546443222,0.14247063679546967
0.004136389041454972,2.4932989690660863,0.0032952035464859472,-0.015292556545314001,-0.17705730490895014,-0.00014684231769224518,0.15722758869941397
0.003132392014283683,2.4957685906246123,0.0032560902306435174,-0.013955535173347933,-0.17403873783538584,-0.001833355378736311,0.1737666880717369
0.005415217158975212,2.493199067380699,0.0028591719964360927,-0.010999314974411643,-0.17047946076784745,-0.002425014163099577,0.14114261645159543
0.00456264890246365,2.493163025438578,0.0028044009576068374,-0.013329717950980695,-0.17483067372297942,-0.00040749580980642164,0.15310813211490248
0.003679012067713943,2.495415016520218,0.0027546628885619386,-0.012222854593001816,-0.1721842811796918,-0.0019509742926166434,0.16702521767498177
0.0038746102220295676,2.4968936024875847,0.0024106458372787163,0.04597473591165885,-0.23457214886152883,-0.011554122546606616,0.16387385780592337
0.004774283106287039,2.495234580727846,0.003688239211139434,0.011966359958422795,-0.16965314291001313,0.019859315352144368,0.15001107877356448
0.004319365656246108,2.493564979082261,0.004028269616289032,-0.015222729855028391,-0.1771030051595035,-0.00005027203411990495,0.15681892443928788
0.003178840647442922,2.4942077813570673,0.004025022551680902,-0.017661575087025753,-0.17954648642241744,-0.00003433937271191928,0.17546235340376898
0.00525262320788158,2.494150977646017,0.003912955074484979,-0.008942882687563668,-0.1708568862520542,-0.0021398562103872765,0.1437702591274193
0.00425516862236969,2.493358812726877,0.0038392651602233287,-0.016612514482691826,-0.1780082984016133,-0.0005283790578963293,0.1590129546074992
0.0031152680186950655,2.495387502986276,0.0038196571368583673,-0.01730227858265466,-0.1789211960032863,-0.00030268552982845397,0.17772357969578903
0.005294848704153674,2.4933134494085754,0.003574011739747769,-0.011798957206860486,-0.17376998795567963,-0.001804893311152616,0.14426911135092615
0.004332212621107811,2.4932955050543044,0.003565763030441439,-0.015426432138136542,-0.1773123449741878,-0.000024706406889133454,0.15814197676043212
0.0032719452237660804,2.4953022290645013,0.003563923040739303,-0.01605235400300994,-0.17793311129557599,-0.00003688997772080371,0.1753738295043999
0.0063703934517270605,2.4945927841804836,0.0042102321437114875,0.04746391631293086,-0.1669064631875236,0.05280433866603421,0.13163586681227432
0.005511841157431357,2.4922798965426156,0.004203697676131847,-0.01623761720974693,-0.17820177645572574,-0.00029383553441673796,0.1416791731384881
0.0043355038390529505,2.493068587189883,0.0042015610265024,-0.018080642048632883,-0.1799664256187729,-0.000032762993220632044,0.15835909434233744
0.003116558845521907,2.494233642661297,0.004198985044950378,-0.018369945901233028,-0.18023447458774838,-0.00006912662467964154,0.17830637160689133
0.00516401471157976,2.4942807239433815,0.004056321524256128,-0.008902531340390261,-0.17090678533580017,-0.001977779556373696,0.14581289500536154
0.004081707642263156,2.493446557998259,0.0039513193429255265,-0.01808790615203895,-0.18079352930319315,0.0005532448722988661,0.16241289277253249
0.003865753501705787,2.4968958606889062,0.0037918326634390994,0.04270386943624367,-0.23689469285331272,-0.004915573486540252,0.16592117672072
0.005094463944694731,2.4931471345293983,0.0035747370376359214,-0.014642287925357407,-0.17469205191375095,-0.0018646123418770745,0.15027629397379488
0.004052300346683405,2.4936900406563787,0.003508820668949125,-0.015918162403935968,-0.17704419556654225,-0.0007927449617323953,0.1660688395722591
0.0040625996143109,2.4969014775331395,0.0032692830470823025,0.04494567385340834,-0.23476320549105184,-0.008071077187751104,0.1659386361987068
0.0063480996782201175,2.492524375789361,0.003972603183151105,-0.010986810862460821,-0.17261566464293013,-0.0000763585029941427,0.1345499582107404
0.005372622737939951,2.492488250745752,0.00390829741268672,-0.015743237581320544,-0.17749412261673786,-0.00016423173633693796,0.14651456350236486
0.004277119726021217,2.49337120882632,0.0039051062730139506,-0.01667128068756222,-0.17853948897908198,-0.000047182297724410504,0.16258109174368965
0.004168686164005803,2.4967318613288265,0.0038171817761404425,0.04381326582310505,-0.23768183090950307,-0.00508729033997159,0.1643254448804458
0.005437072407534099,2.4929539072855307,0.003617046541144464,-0.014101845602533657,-0.17448708109148597,-0.0015210552850190107,0.14808021880165617
0.004430110031437596,2.4934586089465505,0.0035743084053438097,-0.015416036147135374,-0.17691296282760682,-0.00041612607221746124,0.16280030444399726
0.0034539390954177727,2.496060812311665,0.003480713434890391,-0.01342516918006582,-0.17257741365100213,-0.0027664017787969665,0.1787681116754936
0.006682106217857419,2.4931712086209377,0.004051119856303458,-0.006546868563759784,-0.1683994762186074,-0.000051054155146318863,0.13327146564235748
0.005789211976297776,2.4923844349993516,0.003978506759771716,-0.015003680213938437,-0.17778725408530124,-0.0009399954558659618,0.1435195810736611
0.004714818227345279,2.49308665268783,0.003973055193903771,-0.01647449280589535,-0.17836216557819384,-0.00002384896379803998,0.1585135176407444
0.003603830530762833,2.4952308055146344,0.003970690704353758,-0.01674179887184923,-0.17859986363053973,-0.0000605099060625242,0.17630915742145395
0.005810365111803142,2.4931484407654785,0.0037101488973511837,-0.011705995054826453,-0.1734769434789044,-0.0017277485748900822,0.1445442299725683
0.004844942111429332,2.4931492002089737,0.0036624040339698536,-0.015360092581020656,-0.17689535083228825,-0.0004315182689393154,0.15793210228116814
0.0040643451643527576,2.4954113080044116,0.33364677708226725,3.45487798526084e-19,-0.16186500000000004,19.8,0.17433971946347812
0.0038957480770763684,2.4941137698819884,1.6193933780532208,-0.01718882530666781,-0.17046969087497865,18.979220696622182,0.14699253601179849
0.00230541760919316,2.4932073715969603,2.851679173277428,-0.025402107331146683,-0.18042449833216873,18.191138937285707,0.16158818893545904
0.0006669146258658577,2.494255534105425,4.0326931234540355,-0.02465424673379562,-0.18025177595690328,17.433484058020255,0.17974414665366809
-0.0006606470313680499,2.49241741241045,5.1647304835489525,-0.03297866276088334,-0.17085926576820779,16.70486187888906,0.1316555459888396
-0.0030787583534203395,2.4920385793320436,6.249147210622663,-0.037647825695979756,-0.17989006127007,16.006335433655707,0.1376450371268474
-0.005612540626467268,2.4925288207586664,7.288111473536988,-0.03745985678992591,-0.17819264383007177,15.334668580246506,0.14812088595413547
-0.008107744340793496,2.493512043035301,8.283410980366448,-0.03725070240943025,-0.17887967197238244,14.68961833608392,0.1622142865805025
-0.010339953333762232,2.496250267989626,9.23687161242828,-0.027691323909296246,-0.273178607887783,14.076061789607929,0.15233293365247513
-0.013907043301473923,2.493226411857612,10.149904403019118,-0.060114711365259664,-0.1777821378075564,13.47441072221118,0.14575287773497078
-0.018126616412703394,2.49381149823876,11.024260289129884,-0.06399868428296825,-0.17979170394553462,12.902727441774802,0.1665048725920777
-0.022118419488061855,2.4939364193459195,11.86173173728637,-0.05326507331593537,-0.3571297751809652,12.365012300238254,0.125634584766623
-0.027280141597362827,2.4921963956506334,12.66316307092652,-0.07948658562755243,-0.17903653221783508,11.825421418365458,0.13411648467012263
-0.03274908750256604,2.4927694801564395,13.430292463487365,-0.08373795241630866,-0.1761503546922036,11.318380774896472,0.15099560423072167
-0.03840999737019519,2.495519366160815,14.164454565375408,-0.08287439311006467,-0.17138395311456897,10.831217677966018,0.17716308033288553
-0.04373849430749714,2.4974172699081927,14.867038024868116,-0.07591079478076856,-0.2603250186582566,10.36934029904655,0.17958452973540193
-0.05022503001797889,2.4957166461173723,15.539072911440677,-0.10312463819818182,-0.16424251397541811,9.913497156934602,0.17092931112678472
-0.057719242026699695,2.4953997606221288,16.181902804531255,-0.11778327217971177,-0.16713167317998306,9.481957292738947,0.18249201140149027
-0.0660007360992022,2.496447607431244,16.79666681967418,-0.12553417617391996,-0.1659970360981217,9.067240151979965,0.21002378239164438
-0.0742718434027511,2.4982593464946197,17.38456603064127,-0.11988295362592738,-0.2564823808596229,8.674942496677392,0.22152154348059866
-0.08358107879126944,2.4978431590153174,17.946438825302284,-0.14446599826837117,-0.16185534385880224,8.285748846318551,0.22558145886800612
-0.09373390586422707,2.4977591217160158,18.48342408412689,-0.15693900221383622,-0.16194079221416377,7.918044535922191,0.24756982721520612
-0.1044958728409506,2.4999107354944456,18.996607429743595,-0.15831500924714967,-0.2558938780595532,7.571097678944153,0.2651569689694179
-0.11557600532088494,2.4965268646018064,19.487053757206372,-0.17531897143373648,-0.16168537530945473,7.224897491538875,0.2753736140893245
-0.1279174699622471,2.492763441242582,19.95507335031047,-0.18932238511606614,-0.17379866227347343,6.899462248757954,0.320793781148563
-0.14040235253829988,2.4932499258416074,20.4019435391732,-0.1860734308008367,-0.17406490475275196,6.586629720767032,0.3666608834815284
-0.15277881829147835,2.4964522858828886,20.828443479244324,-0.1852703085975155,-0.1662160433217375,6.285536411775065,0.41247358409182494
-0.1651621269927595,2.4984582237631936,21.235475506978606,-0.18604536171740846,-0.25629449689551465,6.002582376468405,0.4610993868014752
-0.17660228025867958,2.4993378083033555,21.623753360076712,-0.17541239201543088,-0.2595072053613661,5.7256387470614465,0.517857287267945
-0.18657164704333312,2.4975016439503657,21.9941930794736,-0.13423606770725444,-0.1617790554750488,5.453675665560951,0.586677779458207
-0.19603830222479368,2.4959222150813978,22.347038727166566,-0.14669843197982668,-0.16262586361349154,5.197404492462779,0.6725308576959053
-0.20633143282803534,2.4960692146691463,22.683226523671266,-0.1587856047742425,-0.1639667062824092,4.95126210629471,0.7595987815752138
-0.21718452388932777,2.4977317033057758,23.003406597557486,-0.16296896291553675,-0.16204849793303608,4.714831715490716,0.8467509109312941
-0.22822106271375717,2.499851588245075,23.308311755658266,-0.17311265330998393,-0.1618207410239355,4.487255782542941,0.9247125725373462
-0.24021261776441194,2.4997408939075787,23.598313786345248,-0.18387836892926157,-0.16192515186400702,4.268792929754,1.004940724777164
-0.2521250034215311,2.498742318609164,23.874400394759892,-0.1626685763744645,-0.16177791470907338,4.059901689918485,1.0904938289756663
-0.26342010420360384,2.497409765393564,24.136614416854144,-0.17341113251969087,-0.16187010621853068,3.8582094853123543,1.1885165131671351
-0.2754127894525365,2.4975287283581795,24.385715112422606,-0.18374546241638748,-0.16195700110858358,3.6644639090770363,1.28455744789872
-0.28775845831833785,2.500098350129829,24.622335856169638,-0.1803214795248922,-0.2558974827525698,3.4850783458409076,1.3764535997909078
-0.30018064576240583,2.4968755997536136,24.84707113301622,-0.1940571166383419,-0.16168203510571824,3.2985705340856812,1.4888018614179668
-0.31360574503678174,2.4925086113459387,25.059785902182146,-0.2067061276529198,-0.17536830476099421,3.1271553651338757,1.6024597358896504
-0.32715643193505756,2.492591630940556,25.261403042883828,-0.20066127206606782,-0.1803220830116203,2.9632716498326763,1.7114822621865853
-0.34033669006922107,2.4935480854309895,25.45235098706046,-0.19669146480423372,-0.18127658678793276,2.805515510998112,1.823771512168497
-0.3533363572764247,2.4961032199572033,25.633092708027288,-0.18129675978601947,-0.16447335967533255,2.653613068762803,1.9387369180918053
-0.3657174529064958,2.4959593259798485,25.80388594434992,-0.18872173003651002,-0.16817277939615927,2.507500457914377,2.0545408128890186
-0.37826454369824647,2.4973152009107067,25.965285759246736,-0.18846201003248872,-0.26027441829627634,2.373329441874374,2.165800546606128
-0.38983102928619945,2.496620907444545,26.117517010946457,-0.17681972026100645,-0.16264566100332484,2.2332101566829605,2.282083671485147
-0.4019301331107201,2.4981970435227026,26.260959193221762,-0.18211182032623605,-0.16206811913812033,2.1035155300748323,2.3922722636640894
-0.41334198135325473,2.4999650001856684,26.396137467816605,-0.16962113022202338,-0.16196776794775675,1.9800560921461012,2.5082351132678635
-0.4240763377602911,2.497252059249937,26.523596023772484,-0.142738006660362,-0.16173935965107195,1.8614269246054118,2.6446716792770144
-0.43401611599711515,2.4952868785667834,26.64285484813039,-0.15316814997479358,-0.16557342293475294,1.745981266262998,2.7922792944342603
-0.44464405001588597,2.494870925096583,26.754610727790872,-0.1629791132748635,-0.16908281881017118,1.6350931176866095,2.930649849409614
-0.45563720220116405,2.495844247343497,26.859173418582614,-0.16318918048358563,-0.16860583879935345,1.529224728950327,3.0599438778767603
-0.46617231133012327,2.497396153568275,26.956991806210816,-0.1521718348300671,-0.2596327012558144,1.4345229177808312,3.1815176354690267
-0.47732786242866293,2.4958958139679077,27.047915291656395,-0.17038774770935702,-0.16297924296082963,1.326915002856147,3.2956798353772054
-0.4890187979755041,2.495921401202782,27.13238087020045,-0.17812534831339272,-0.16477540566849028,1.2314882795424307,3.401466775552283
-0.5008831759504486,2.497424323287096,27.21067439115051,-0.17555738711073857,-0.16199828489261345,1.1408956885840318,3.4990468320265244
-0.5120435578526388,2.49863739619257,27.283460757032017,-0.15812353194748682,-0.34560458641521885,1.0682624883428107,3.5909460013361265
-0.5216046023083573,2.4952757932575422,27.350587188336988,-0.13894634817799628,-0.1617910360278202,0.9729267725110472,3.693685743411867
-0.5314884656696273,2.492992312846042,27.41200192266047,-0.1534486467479576,-0.17540436272878326,0.8907845162906973,3.7903358808437217
-0.5418159550553209,2.4949008919961204,27.46811761076869,-0.15353494334402332,-0.1658660019955211,0.8128148048366602,3.8809760064512613
-0.5517104673588122,2.496820034349456,27.51924029287803,-0.1456997699186603,-0.1620541096249029,0.73959444287514,3.963201124024758
-0.5610151890730276,2.5004391146003795,27.565724988551707,-0.13293009767749092,-0.2552682352020254,0.6762645626042336,4.038229325525136
-0.5698451773534856,2.497667172686037,27.607541080874817,-0.1351162321184995,-0.16170463745638927,0.5923787323498729,4.126561986976257
-0.5789411695930858,2.4943367399466254,27.64414781427874,-0.13644255928122764,-0.1656175054742866,0.5238435644734634,4.205642141975144
-0.5883785356515095,2.492900799967827,27.6762444488905,-0.13924164586403803,-0.17719218756489225,0.4573705880795755,4.276086370970973
-0.5972674508043526,2.495654359756871,27.70413070338464,-0.12914878206169497,-0.17037854365025912,0.3952900587190538,4.3407114569773215
-0.6050328565497105,2.4976490632094728,27.726543102622898,-0.10870057618688024,-0.25802729808312275,0.2950110714325513,4.394355966170733
-0.6072267035044272,2.4984154628741315,27.729799659521923,-0.0272336240529488,-0.16199251679654428,0.023344639280533215,4.399118659047346
-0.6075042658571868,2.4994262859342387,27.727844929161733,0.056852405549858154,-0.278955643322378,-0.009542459178619664,4.3986101073739
-0.6051133540721958,2.497141693810491,27.725795361419756,0.03503741515181914,-0.16175346783955288,-0.030034422858453112,4.3972782151354215
-0.6034149155589875,2.493132261899923,27.72438456349599,-0.0005361940500749317,-0.16559978690763252,0.002665652557001285,4.396728243618945
-0.603787674880811,2.492729651030914,27.72490987146587,-0.005787126886152512,-0.17574106412657073,0.008445383315293707,4.396921604551737
-0.6041483174877657,2.4930762287462422,27.725514808320817,-0.00515502389176875,-0.1738222767124775,0.00950241892662672,4.397029607631944
-0.6044554291301388,2.4944273814228843,27.726209570914857,-0.004232311351728903,-0.1716558073666854,0.011043837661269162,4.397134378558161
-0.6048440879496496,2.495555266201895,27.72684663991203,-0.006345470114977136,-0.16592148113205415,0.009194328011482981,4.397281131794368
-0.60530887218056,2.4962332257283815,27.727441436662087,-0.00735489028940338,-0.164538896865096,0.008768204645668904,4.397478018277328
-0.6058462224881158,2.4968836176238276,27.728007787876827,-0.008506659256576858,-0.16300576396865854,0.008323008180209632,4.397734572417024
-0.6064614115826931,2.4975963814248603,27.728549433542984,-0.009533401116898247,-0.16190455022316483,0.008172061864619034,4.398066628687509
-0.6070143397627333,2.4986669552403526,27.727923356811175,0.009233756200085595,-0.16182771065255852,-0.007911255338297046,4.398440580869113
-0.6064522167577769,2.497982925330167,27.727441518900957,0.00796925657426709,-0.16183337571659723,-0.006831281646111026,4.398101053515919
-0.6059687298967592,2.4970683996016327,27.727027071808063,0.006837339183375964,-0.16184025095839089,-0.005860997952001694,4.397837167645481
-0.6055558839104783,2.496219504896845,27.72667317834111,0.005819154363051026,-0.16184567209532377,-0.004988205957649784,4.397632427150269
-0.6051979148087999,2.495582126533772,27.726384106098678,0.005269145601862619,-0.16265052613886483,-0.0037712491706784743,4.397470371584518
-0.6048564681337265,2.495287221169888,27.726192228688188,0.005022730408018467,-0.16392697181933988,-0.0023745901639741075,4.39732966258334
-0.6045318082776264,2.495097082942871,27.726086700126746,0.004783889186527675,-0.16505840956909193,-0.0011185309957886405,4.397208420382056
-0.6042211399827787,2.4949913797623657,27.726061724241998,0.0045913232360302704,-0.16615266746293086,0.00006347953800283192,4.39710418638411
-0.6039215098110187,2.4949646714460973,27.726113016439225,0.004441368388379411,-0.16722225646448194,0.0011863217352116177,4.397014902822346
-0.6036302658761559,2.4950127983317105,27.726237146915906,0.004329529769633599,-0.16827624547886472,0.0022621748688442496,4.396939006565996
-0.6033450428396735,2.495132434981724,27.726431444965314,0.004251626653112658,-0.1693227370430071,0.003301982557434599,4.396875349435849
-0.6030637432019132,2.4953210082604276,27.726693923366593,0.004203726776677042,-0.1703689939316832,0.0043155904699569555,4.396823119338222
-0.6027845249136438,2.495576636480367,27.72702320692471,0.004182050255046736,-0.17142146570447964,0.005311782202852941,4.396781836543636
-0.6025895637615608,2.4962769988749227,27.726469924128196,-0.0008472960154823597,-0.23858838346418743,-0.050616536472576766,4.396840461079837
-0.6016998767555253,2.493577929175094,27.726335842366115,-0.0013001631463729086,-0.1764517458232856,0.014553823885954931,4.396736048019905
-0.6018053455149173,2.493845234412623,27.72754723932654,-0.0016910797345467542,-0.1811945134169595,0.019220780272760543,4.396686774362398
-0.601705299936763,2.495620372332303,27.725757386143783,0.00703393304030829,-0.2884664357176422,-0.10674877132443197,4.39668628907218
-0.6018011572325034,2.4933338272452086,27.726689480565756,-0.001750937529719938,-0.17950717983677755,0.017569558610334015,4.396649542130096
-0.6019288718189508,2.494203454562909,27.72796688273476,-0.00198520744063268,-0.18158179350603723,0.01962175444836213,4.396600611028976
-0.6018278586823574,2.494361689417556,27.72595518117612,-0.0012323756509100778,-0.17083296550481147,0.009011890271275868,4.396592167536115
-0.6019512184232325,2.493526031068066,27.727047696883403,-0.002047808800667595,-0.1804581211825099,0.018525050184320335,4.396674127491489
-0.6020996701043587,2.4957165002729615,27.728370422984938,-0.002539096058143231,-0.18092815717809224,0.019899114849888648,4.396866116280104
-0.6019975591053124,2.4937875493342525,27.726267275377868,-0.0018498564841980608,-0.17516796282975836,0.01361945069935601,4.397340208763864
-0.6021535186586419,2.493828946349043,27.727457815406442,-0.0026066940818527153,-0.18122572565504388,0.019256877847789487,4.3974909529590684
-0.602133507650419,2.495578565124109,27.725641789366872,0.005748223170473151,-0.28764183135589627,-0.10675181716250802,4.397468292007712
-0.6023252434457568,2.4932796424184507,27.726603303661573,-0.003535996825000234,-0.18040745839759492,0.01850134007055088,4.397544427943702
-0.6025358133932702,2.4953568365900884,27.727867437684548,-0.003246112164184405,-0.17920837132134368,0.01890668082258669,4.397578111272379
-0.6025791080572973,2.493355538801847,27.725744326984366,-0.002452195126947918,-0.17491602664012137,0.013258150756052535,4.397205989259782
-0.602774745265532,2.4934689937075745,27.72688037054004,-0.00310985614976944,-0.17764514647268453,0.01733897274879303,4.398001809356736
-0.6030017005610959,2.4968366207504267,27.726991817897556,-0.0028675657843404458,-0.23505283320840312,-0.043973492163455544,4.398240990132557
-0.6031301782506218,2.4930691337926154,27.72571479491077,-0.0019736810403781528,-0.17308222749360655,0.012117781557408395,4.39764914752939
-0.6032621959718585,2.493459882642664,27.726659868263383,-0.0020373949228290546,-0.1756843712525213,0.014597194973976478,4.398026061447192
-0.6034615996768948,2.495996737511187,27.727576810166084,-0.00427551887008868,-0.17131189280113476,0.012439725845145607,4.398078875661881
-0.6028267248512978,2.494601893088168,27.72449721742543,0.05219484347371312,-0.1642537177881809,-0.04242194541947907,4.398223325791812
-0.6030985471845964,2.4925896425402607,27.72519686723338,-0.004948560226957921,-0.17641904314208115,0.012894692300333766,4.398512673771228
-0.603356767779258,2.493025532175725,27.726145013647738,-0.003285826668042853,-0.17494148954322844,0.014974342819856452,4.398572324255192
-0.6035978007117191,2.4953909849403795,27.727130148035123,-0.004772902878971038,-0.1720639755767912,0.013565167123683936,4.398636792976239
-0.6040382126014495,2.4970029305629886,27.726998021659973,-0.008860255889463957,-0.23365539505610666,-0.04554330057056062,4.3988875075624225
-0.6027912469784321,2.4953937733300005,27.72622828948937,0.019233492200096864,-0.16875888840748046,-0.010034415410909913,4.398595739876231
-0.6021884213745677,2.4936538962338815,27.726348652318737,-0.0026549372743143074,-0.17675956215046126,0.015134619174727781,4.398464669456149
-0.6022947376883565,2.494003140875574,27.72745706433403,-0.001323961108950547,-0.17915579528473247,0.01718176432273794,4.398429287540712
-0.6022489196104381,2.4938859287644983,27.725375519919297,-0.0024913843810225335,-0.17086963944614228,0.00887607248173314,4.399115911875691
-0.6024686422992711,2.4931194113869686,27.72649029620209,-0.003847758879929359,-0.17806718179878508,0.018363040877290796,4.3990521515108085
-0.6027151436837157,2.495316915138229,27.727728357562118,-0.0037226756799609672,-0.17843051083385023,0.018589338167781962,4.3991002573662605
-0.6028552734536258,2.4932922867813505,27.725629590950803,-0.0042344626544935935,-0.17524903783087056,0.015017918835608997,4.399088010541335
-0.6031186426516943,2.4934658242976737,27.72668677679589,-0.003605628953131501,-0.17609329682917324,0.016318099143667657,4.399146928109557
-0.6034218976358485,2.4961168941746146,27.727713526512908,-0.005860631553357849,-0.1715427893333398,0.014008591142589151,4.399224123021766
-0.6027088870197387,2.49330558476658,27.72455292878773,-0.00025508447221769847,-0.16676381919034772,0.004840975197961888,4.399320977318818
-0.6030288152458303,2.492642642990673,27.725433054473598,-0.004151987423499986,-0.1763705319596077,0.01374088056257924,4.399912519683701
-0.6032402456132794,2.4932264141865774,27.726431691319686,-0.0029149872876585332,-0.17569586260359174,0.015357828836886089,4.3999618644926315
-0.6034651515487569,2.495685788744348,27.72743381807343,-0.004571510480360953,-0.17248732332693872,0.01378557259492203,4.400021381481435
-0.603015218297823,2.4958246639391777,27.726468822573473,0.020006030734025133,-0.16719562275811736,-0.012144428772071076,4.400061126564143
-0.6019866446130704,2.4941284214165966,27.726125913001763,-0.00036364988642800957,-0.17203210695902224,0.009947118910520155,4.399913829784716
-0.6021558005008512,2.4938296006314626,27.727254008617336,-0.0021771608460929657,-0.17924055552850393,0.01802155051382422,4.3997810481711115
-0.602125695117287,2.495379203022577,27.725353577858193,0.005017608391319779,-0.28827134032073465,-0.1075083197011499,4.399972005438818
-0.6023074154858562,2.4930961546154977,27.72629052947078,-0.003182340048459641,-0.17956499217538782,0.017788688565718934,4.400060422183753
-0.6025349171747512,2.494042644963844,27.727576007922686,-0.0037651025492608896,-0.17941857568940928,0.019775355582628096,4.3999511798945
-0.6016514223234489,2.4947544645404163,27.724710499149552,0.055941491045743925,-0.1674595944408556,-0.04265697933062202,4.400139788311959
-0.6017506815924448,2.4924473796056024,27.725627228705314,-0.002060004323510435,-0.17948946279726571,0.017596585653814417,4.400306265852597
-0.601902684729631,2.493321941526387,27.726914601684843,-0.00235983713899489,-0.18075729001663485,0.01959401698615641,4.400660005052454
-0.6020603339030886,2.4957231417584564,27.72822236777385,-0.002402491564036225,-0.18075005411702033,0.019617524873100613,4.4006910278035045
-0.6009265535738697,2.493644246501483,27.725155106984584,0.0007828983411984401,-0.17089806372584454,0.00875418930190425,-4.4008346145259
-0.6009094174491846,2.492785967799439,27.7262360371472,0.0002005994317233137,-0.1802352727362614,0.018747303577565395,-4.401055969371721
-0.6009354643277286,2.4938471626613254,27.727467049525842,-0.00044010303312220573,-0.17940619045474637,0.018534178675929606,-4.401032972902552
-0.6006055267033454,2.495534143516973,27.725601047914772,0.012897852047258412,-0.2880485580743981,-0.1067148626220925,-4.4010446162503465
-0.6004879116450569,2.493167392046746,27.726568072161154,0.002928638467599016,-0.18044127208920988,0.019278901036161256,-4.400033455599633
-0.6003405746208553,2.495117033428814,27.727859402681794,0.0015222207368582345,-0.17795790089986563,0.01924042647247904,-4.399956754346119
-0.6006647521800028,2.4946071839678687,27.724850843510705,-0.04762020444744963,-0.16627860890864024,-0.050661956872251335,-4.399629383580007
-0.6006464423730692,2.4923018964447547,27.725708256038505,0.0008238109847646654,-0.17956496032141747,0.016737828474726123,-4.399600215124307
-0.6005445172840768,2.49304342423572,27.727047649837033,0.001035861611609023,-0.17921756302421604,0.01994968846956543,-4.399409049070368
-0.600468503961607,2.495448233400664,27.72837152933693,0.00125491116594259,-0.17875104929264135,0.019786565090554147,-4.399393930783232
-0.6009473568555642,2.4933798801861697,27.725194249362858,-0.0010396825605480846,-0.16933446678469732,0.007420752483460279,-4.398974772413096
-0.6009752599801863,2.4924738624132603,27.726270727980655,-0.0005812840031847429,-0.18038154253653182,0.018389327560831226,-4.39893022874999
-0.601009573892626,2.4934953038564966,27.72755548161491,-0.00044098584085472956,-0.18166128486837554,0.019494362287858013,-4.398893202452587
-0.6009125754801943,2.4971786013450785,27.727881656987737,0.005909665310852038,-0.23690026434616865,-0.041835188191565405,-4.398439290059472
-0.6007142724446028,2.493354224734635,27.726736010381327,0.0006650032781813663,-0.17790225768913057,0.015597251051122439,-4.398509480299769
-0.600681310088677,2.4938490497489743,27.72802003395677,0.000576338711990701,-0.18151755881318182,0.02161545898287959,-4.397542186251598
-0.600314385634925,2.4955679403185846,27.726275483196467,0.013992995771132574,-0.28753004267920307,-0.10546980685164287,-4.396794435861209
-0.601183274764226,2.4925126749233226,27.726057718952717,-0.0011019187113806782,-0.17788821181594416,0.015922524457889116,-4.39675182104487
-0.6012695911835467,2.493055853189187,27.72729688841253,-0.0013461887545729314,-0.18135421947015745,0.019362841247694027,-4.396751735682333
-0.6013600082506833,2.4942806386614116,27.72861018465873,-0.0013535324949211652,-0.18180614078556306,0.019795268609622624,-4.3967538757474625
-0.6011783254547666,2.493516429893806,27.726531977201805,-0.000798745523072436,-0.17527466131879313,0.013319448064895965,-4.396745598908572
-0.6012534997581963,2.493542840728434,27.727713720524086,-0.0012082593880611834,-0.18101810868561527,0.01900480072928004,-4.396738961641025
-0.6012526756817529,2.4970417030791436,27.728019640626332,0.0036838508726065723,-0.24170497150164283,-0.04017545556020181,-4.3967188515954065
-0.6011352542074107,2.493324478873884,27.726873027909008,-0.0008302271067324815,-0.17791262811490488,0.015913091150474092,-4.396689255498463
-0.6012026212894357,2.493867047963705,27.728109470581234,-0.0010164678824716748,-0.18135471558415658,0.019302299230319696,-4.396680955649998
-0.601020049098271,2.495615276253812,27.72625312507855,0.00935377203414028,-0.2883426767492198,-0.10727287272461762,-4.396623285459941
-0.60105058409495,2.4933085334238396,27.727177037662873,-0.0007140138708821616,-0.17947607771925436,0.01744785600761281,-4.396544664523953
-0.6010966684385999,2.4941501877900945,27.728457148173018,-0.0005209491392154598,-0.18176957901653468,0.02029559693097299,-4.396333215836856
-0.6008575580259335,2.4942875568387604,27.726444759767443,0.0004537318831034827,-0.1708412136152712,0.008665703248319561,-4.396212220523837
-0.6008672453400392,2.493423016176328,27.727520904685168,-0.00027235867561074454,-0.18042407047787629,0.018328204239066587,-4.396375552543886
-0.6008557212914704,2.4955629635975636,27.72882689054733,-0.00003226126366041077,-0.1801846466914715,0.019859647578478367,-4.396677743193059
-0.6005253119605505,2.493604034943921,27.726719722055048,0.0007055809343936437,-0.17524964320487535,0.013070347029529115,-4.396608807214636
-0.6004005277648057,2.49353898715971,27.727970429667987,0.0027335219616451065,-0.18211089396109592,0.019599680175617362,-4.39655155409777
-0.6002041890098717,2.497100620444886,27.728252166190696,0.008328908888916764,-0.23659457508791826,-0.04160528597837572,-4.397225418032064
-0.6008251842965824,2.4927684306028275,27.725990303446487,-0.0006842232161408913,-0.1751876582998068,0.013205595031241715,-4.397175696519542
-0.6008938081202799,2.4927746183542197,27.727169123179955,-0.001123629462464176,-0.18099745279531054,0.018981585240412907,-4.397154753989834
-0.6009676361454186,2.493924363434158,27.728471766612905,-0.0011017717625506885,-0.18175313702382964,0.01969600677381414,-4.397160149294885
-0.600763797282597,2.494136151561305,27.72649681573844,-0.00005836326387416108,-0.17095801829497131,0.008723109597002003,-4.397148506167349
-0.6008060262143882,2.493290027218688,27.727577895831168,-0.0007674914559053406,-0.18042334765325768,0.018400616057309062,-4.397166712575448
-0.6008596792694254,2.495447990494506,27.728861295860323,-0.0008652086553274114,-0.18076677520114803,0.019511322088428287,-4.397156543422824
-0.6006367602282066,2.4934848484008443,27.726751791056166,0.0000010837792243465088,-0.17531156132340153,0.013100357519154534,-4.396864390780281
-0.6006481342839851,2.49347592291263,27.72799090811684,-0.0004363731411024991,-0.18093558266061235,0.020381786386829283,-4.395893816935748
-0.6005531839992237,2.4969808992602838,27.7282868332039,0.006547185124156285,-0.23694754873205395,-0.042025204752512195,-4.3950605009952515
-0.6003177504541348,2.4931479258741005,27.727143471593642,0.0006924296526882298,-0.1778251227955452,0.015747944839466187,-4.394965324042997
-0.6001879244726339,2.4936423950333477,27.728488418543936,0.0009133180366445311,-0.17904106454270316,0.019702262927228507,-4.394794552664889
-0.5997927851542334,2.4953472155660226,27.726662068065536,0.013834282629457675,-0.2875790153217064,-0.10614558827879172,-4.394842676547392
-0.5996115830356064,2.4929452561569008,27.727618323035074,0.00527116978483914,-0.18124705361288093,0.018776912406202946,-4.394184421328787
-0.5994921070729352,2.493858198539635,27.72885312067517,0.0017294158285247627,-0.17714685533996932,0.018601907339569655,-4.394197664878159
-0.598891249334959,2.495443036045608,27.72698734102509,0.01818858039891879,-0.28690735868320844,-0.10542945419335291,-4.394303982678598
-0.5995832178036484,2.492449432799692,27.726731145038404,0.003110696782434524,-0.17891491651808342,0.016421308120626057,-4.394015868302761
-0.5993549290096761,2.4928657695550447,27.727965390246762,0.0019300386475550524,-0.17732952127771803,0.01876986858594447,-4.3939928514293
-0.599221685660583,2.495120140692098,27.72921604876476,0.002117710209479738,-0.17682779504021753,0.01869642367842837,-4.393992856597348
-0.5993723109080876,2.4945937197763324,27.72623031055573,-0.0449903233645513,-0.164861763350576,-0.04911430805303642,-4.394009312914056
-0.5991832262748975,2.492427659629656,27.727078446717634,0.005323950237719341,-0.18088550295276504,0.017502472473359846,-4.393707044101311
-0.5990077395119103,2.49306299354709,27.72823650461174,0.002103356434563171,-0.17603482532276898,0.01782308449673332,-4.3937211281639375
-0.5988334376723798,2.495653384855257,27.729400879822975,0.004037760269538333,-0.1725827801676918,0.01632201935680964,-4.3937377209555395
-0.5980344856372952,2.495584053898188,27.727458042466306,0.021937883828410734,-0.28667707981034957,-0.10502577822812531,-4.393983015339459
-0.5986075371780688,2.4927483748526957,27.72709745168912,0.00504166376415559,-0.17675094161753796,0.012178714580571305,-4.394029860766335
-0.5984611562007107,2.4930692507187233,27.727967355394007,0.0014816565719755017,-0.1739227055132897,0.01374550727995186,-4.394057314735574
-0.5983615216520227,2.4952317634690786,27.728896348919466,0.0027591280123437875,-0.17088357377938765,0.012992033567095924,-4.394073150717082
-0.5980864959526345,2.4963136777286277,27.72970392200686,0.004589675122546024,-0.16792453443884206,0.011907827479501292,-4.394139043246722
-0.5978067658839791,2.4966907901332163,27.729122101947056,-0.012971565738901457,-0.1621033650949729,-0.014822388766720958,-4.394210355408177
-0.5987540597410993,2.4955559938053384,27.728291891952203,-0.014663755986415226,-0.1671547665069678,-0.011319923670742332,-4.393968423180263
-0.5997765466894639,2.4948311217810315,27.727649523353797,-0.015763227980798687,-0.17080647639755264,-0.008644377770567561,-4.3938325054420595
-0.5998135166752795,2.4935456677940855,27.72854676503218,-0.0012048937463801518,-0.17758784312655362,0.01563444903501146,-4.39390331579556
-0.5999000612339634,2.495469176306539,27.72965809712111,-0.0013408883907242057,-0.1789176666013203,0.016943064760286782,-4.393875722409226
-0.5995155057430283,2.4933444199253127,27.72748611313738,0.0014085437501737074,-0.17513621368262963,0.01285598680346273,-4.393784203237709
-0.5993222781048351,2.49327819817774,27.7287509813877,0.0015766451652822599,-0.17808560679030488,0.019148121164720856,-4.393522503674542
-0.5991881404092486,2.4959850904293353,27.730005477037597,0.00342608186003248,-0.17446940656726867,0.017659650834963736,-4.393512069747535
-0.5995583946333223,2.4934455369752646,27.726810727520423,-0.0009540704112473412,-0.16806481527373107,0.0061808849308307,-4.393186182583654
-0.5994873671503809,2.492472932852674,27.72790792466056,0.0019670685820684618,-0.18092775879847384,0.020628498596796187,-4.392933187434258
-0.5993744290508821,2.493504976601275,27.72922179097327,0.0011145429886718237,-0.17866619698439218,0.019539037029288997,-4.392982742778236
-0.5991123393321012,2.497128884540096,27.729466270797026,0.010140472821015845,-0.23441447476708122,-0.04215559213561384,-4.39299888493788
-0.5996416971264724,2.4927695931795872,27.72720310632538,0.0004432930091271162,-0.17507682289016352,0.01284277873703393,-4.393015034420112
-0.5995822252696513,2.4927033827128886,27.72843232915001,0.0020687331289545056,-0.18182963152216194,0.02038065137453045,-4.3926996014405635
-0.5995049096776381,2.493854431827596,27.72973997588769,0.0005341148244829246,-0.1805338290012726,0.019582910692342224,-4.3938009643767115
-0.5991414838612279,2.4940332981789175,27.727730390394814,0.0007019205733431341,-0.16957215489282898,0.007542594436686987,-4.393801919805754
-0.5989258793126024,2.4930385721980994,27.728886149484396,0.004344141102671901,-0.18175293242470514,0.019116914672742773,-4.394235918912579
-0.5988238581998299,2.4952308441810334,27.730150984152957,0.0013669086803688865,-0.1778921564187028,0.018979345888772987,-4.394140791732664
-0.5990834823838861,2.4947283976333017,27.727147947156354,-0.046696287856895814,-0.16603767104354047,-0.049831910044959515,-4.394146909309409
-0.5990481739704029,2.492384979532844,27.7280003798646,0.0009235836322711076,-0.17947058354785594,0.016871059305773338,-4.3941098056253995
-0.5989208949596952,2.4931428167906455,27.729318256132768,0.0009960090299827287,-0.18166310012969866,0.019132140976484992,-4.393818870084521
-0.5988304271590724,2.495958685349529,27.730565640476996,0.0028163952525698645,-0.17499263456478184,0.01751725689782989,-4.393808466259435
-0.5991771930579567,2.4934148829953413,27.727393142937267,-0.0009253509403110851,-0.1687350002900672,0.006826028058255692,-4.394217618595156
-0.5991492725629677,2.492482706703607,27.72848641085403,0.0009064840713792639,-0.18065770055866093,0.019804347828142773,-4.3939203618487195
-0.5990471455187106,2.4934599623399665,27.729832505155148,0.000613218419655647,-0.17995259624015383,0.019915227177412398,-4.3942109673773855
-0.5988786497271337,2.4971549372435886,27.730134739135842,0.008131171647857042,-0.23656089810072572,-0.04149124662552315,-4.394215834472504
