posX,posY,posZ,vx,vy,vz,angleFromWorldX
-1.5541043337995604e-8,2.492008732880133,-1.0315640772527707e-9,-1.3784873288103472e-7,-0.17947602719203554,-1.0153244391072475e-8,0
-2.1190973045856818e-8,2.492005827138346,-1.509262130651915e-9,-9.481964326047972e-8,-0.1796503716992549,-8.06467644838686e-9,0
-2.9238933187125483e-8,2.492005826859072,-2.193776207486659e-9,-1.3831111515074028e-7,-0.17965038845567402,-1.1763967466897615e-8,0
-4.097914314665953e-8,2.4920058268590446,-3.1923326710180645e-9,-2.017659218201726e-7,-0.17965038845728895,-1.7161079439011177e-8,8.537736462515939e-7
-5.810556364927588e-8,2.492005826859044,-4.649010102001137e-9,-2.943327282457893e-7,-0.17965038845730047,-2.5034294376027888e-8,8.537736462515939e-7
-8.308929713419383e-8,2.4920058268590437,-6.773986744735614e-9,-4.2936762125332017e-7,-0.1796503884573122,-3.651960918705094e-8,0.0000017075472925031877
-1.1953514654341578e-7,2.4920058268590424,-9.873867087851745e-9,-6.26354250106447e-7,-0.1796503884573391,-5.3274194312839814e-8,0.000002561320938754782
-1.7270173745703802e-7,2.492005826859039,-1.439592085156668e-8,-9.13715022865509e-7,-0.17965038845738113,-7.771550820917378e-8,0.000003818191820832846
-2.5026026420218176e-7,2.492005826859032,-2.099261763179454e-8,-0.0000013329120768537323,-0.17965038845745948,-1.1337009317040074e-7,0.000005663293681020318
-3.634013357874766e-7,2.492005826859018,-3.0615769703793274e-8,-0.000001944429671133204,-0.17965038845759773,-1.6538241802068184e-7,0.000008233494873389921
-5.284496237344243e-7,2.4920058268589895,-4.465386584612248e-8,-0.0000028365012241754346,-0.17965038845786824,-2.412571630004122e-7,0.000012013660097101191
-7.692192836268334e-7,2.4920058268589296,-6.513241235757103e-8,-0.00000413784016311213,-0.1796503884583957,-3.5194204702921054e-7,0.000017517970596881582
-0.0000011204500034350333,2.4920058268588017,-9.500618833841794e-8,-0.000006036211448190832,-0.17965038845943523,-5.13407465762194e-7,0.000025584734437791434
-0.0000016328194529866794,2.4920058268585312,-1.3858558600429737e-7,-0.000008805523429042874,-0.17965038846156287,-7.489508692187925e-7,0.000037342228332969065
-0.000002380255359556839,2.4920058268579592,-2.0215855413745172e-7,-0.000012845348953888539,-0.17965038846593634,-0.0000010925584066331178,0.00005446781450423316
-0.000003470602238681523,2.492005826856745,-2.948978917405446e-7,-0.00001873857808484925,-0.17965038847503145,-0.0000015938089603442943,0.00007945142504721495
-0.000005061181836796232,2.4920058268541654,-4.301848198243907e-7,-0.000027335520863510128,-0.1796503884940751,-0.000002325028367058196,0.00011590900953263071
-0.000007381492433655857,2.4920058268486853,-6.275398426471213e-7,-0.000039876594909029336,-0.1796503885341516,-0.0000033917264429841257,0.00016908814088291703
-0.000010766322182197133,2.492005826837034,-9.154395780633318e-7,-0.000058171299814897426,-0.1796503886187727,-0.000004947823619857349,0.00024666228414040584
-0.000015704054249356222,2.4920058268122545,-0.000001335426161862963,-0.00008485930156586121,-0.17965038879788903,-0.000007217865982637142,0.00035982482518647434
-0.000022907133451814906,2.492005826759548,-0.000001948102530336253,-0.00012379129713508246,-0.1796503891776439,-0.000010529437881203314,0.0005249069534049364
-0.000033414861607475066,2.4920058266474197,-0.0000028418794140213723,-0.00018058461141051804,-0.17965038998371188,-0.000015360457075358535,0.0007657226388664598
-0.00004874335325764262,2.4920058264088576,-0.000004145737807726888,-0.00026343368844063705,-0.17965039169607822,-0.000022408193902855536,0.0011170198317104773
-0.00007110428768727476,2.4920058259012627,-0.000006047851973159054,-0.0003842924135163025,-0.1796503953356875,-0.00003269001026945728,0.001629481747858422
-0.00010372401885254019,2.492005824821199,-0.00000882276769540035,-0.0005605988457391971,-0.17965040307456687,-0.00004769043298888214,0.0023770430629001826
-0.0001513090836584577,2.4920058225229775,-0.000012871073580572107,-0.0008177911884157022,-0.17965041953390615,-0.00006957595075713251,0.003467552974220094
-0.00022072526925243527,2.49200581763263,-0.00001877732418918114,-0.001192977957877331,-0.17965045454643577,-0.0001015088859965211,0.005058328219346065
-0.0003219882071436677,2.49200580722654,-0.00002739464649818298,-0.0017402917792209561,-0.17965052903449386,-0.0001481063924290216,0.0073788344058538565
-0.00046970839711925463,2.4920057850838395,-0.000039968394635535405,-0.0025386990171995466,-0.17965068751826394,-0.00021611242957123199,0.010763758351744684
-0.0006851804346937887,2.492005738070775,-0.00005831684790345511,-0.0037033095378446947,-0.17965101878440787,-0.0003153748647719234,0.015700894641347763
-0.0009995255028621703,2.4920056382333597,-0.00008509583247504477,-0.0054022816861955085,-0.17965171185862466,-0.0004603148115327641,0.02290257062423673
-0.0014580869135986838,2.4920054268446523,-0.0001241879035311216,-0.007880965337940027,-0.1796531251497705,-0.0006720236385848989,0.03340650727529526
-0.0021270200087357303,2.492004974025793,-0.00018127347478973175,-0.011496190513898708,-0.1796563189863127,-0.0009814913338582483,0.04872542143148134
-0.003101234848186984,2.492019438438385,-0.0002632359318715439,-0.01667406233479127,-0.17976467477336705,-0.0013479465040431768,0.07103149847519293
-0.0043502096633128194,2.492711584282283,-0.0003329336515627846,-0.018976785461436756,-0.18179427757170316,-0.0009457471937995307,0.1001724219834475
-0.005658218214145583,2.494013334361216,-0.00041235651801983884,-0.01995452522108378,-0.1805952537219794,-0.0012424025161914605,0.13095161170202432
-0.0036574259755452797,2.494202174878872,-0.0005342735200883351,-0.008941962419211339,-0.17085404700280665,-0.001809583485765508,0.0851601903448177
-0.004670143627065012,2.493392714140904,-0.0005800136212736824,-0.01662557827534715,-0.17850551384995753,-0.0001988281141543739,0.10843100390739335
-0.005826545578845339,2.495422062823821,-0.0005832562841800742,-0.01757161872054658,-0.17942587975673702,-0.00003181685164073682,0.13491890435829224
-0.0036495256946139577,2.493327163755839,-0.000800397285186559,-0.011918703344898664,-0.17616570198209244,-0.0024244453549262606,0.08635256954746974
-0.004680863923955106,2.493413327558991,-0.0008283000179629823,-0.01606490203360853,-0.17795231890650026,0.0000024947190625970065,0.1099768362843187
-0.005753752049085222,2.4958904852618504,-0.000854583085507282,-0.01502798865687446,-0.17531116444261574,-0.0016029551751576055,0.1345554272414149
-0.003515601264970544,2.493352456089319,-0.0011245609681737802,-0.011517553688737555,-0.17295550698922355,-0.0015807464207243061,0.08497709446151874
-0.004532122291162372,2.4933654120519138,-0.001214919889783345,-0.016385518297474953,-0.17692404688137728,-0.0013871781967352945,0.10813522222127334
-0.0056060645552736274,2.495848615089264,-0.00133551401441958,-0.014960030130139046,-0.17377352429524856,-0.003076243744838454,0.13270804266169445
-0.002403954571010405,2.4931878181082827,-0.0007968169205796873,-0.0063288411034595655,-0.1681755949876711,-0.00004694987580483489,0.059490072418835103
-0.003277228119034456,2.4924166976868762,-0.0008764021034297641,-0.014645895749088632,-0.17759164903156727,-0.0010828288377432147,0.07946073072907683
-0.004327233269867651,2.493080824520628,-0.0008847004703679941,-0.016101948571029836,-0.17799053930577075,0.00000695371645074445,0.10350663875863471
-0.005414600990745278,2.495193292751499,-0.0008850573572004078,-0.016393832312056926,-0.17824736876170016,-0.000031768342163105044,0.1284127027638548
-0.0032185464148798025,2.4939330550364196,-0.0011842119871719608,-0.006312254381060679,-0.17184924985524713,-0.0036912001231328598,0.07992997644571125
-0.0040662382880651635,2.493142321101633,-0.0012349052238806199,-0.014297760818793928,-0.17583481212271115,-0.0003428145762583938,0.09939676304814818
-0.005071516940631995,2.4950122171634783,-0.0012647009208994271,-0.015244552829715714,-0.17672262619608747,-0.000407408184532611,0.12240950630734235
-0.0029591209661498402,2.4952189774550955,-0.0016505912674879097,0.1082844814960287,-0.288490296592107,-0.009556942660764525,0.07416905513972645
-0.002670757327812793,2.4923535349414885,-0.0008547813478139443,-0.012706950379885246,-0.1765709977539399,-0.0020305029031616657,0.067555373598425
-0.0036461721580670205,2.4926317410945806,-0.0009301688551937435,-0.01548451223898407,-0.17706094570814945,-0.0003017264608399813,0.08987546318079291
-0.004703168808622741,2.493523776466719,-0.0009327054446533732,-0.015988271430207267,-0.17787850877037306,0.000006511493901355343,0.11407585258489576
-0.004734538728237992,2.4968146815040004,-0.0010684878714684522,0.04482436035545049,-0.23587503091424789,-0.006437621605254841,0.11483056520026165
-0.003406902791899113,2.493016623118441,-0.0012768310056523225,-0.011973136294606383,-0.17344704632837069,-0.0004001157444844452,0.0864621451941162
-0.004327750904655279,2.4933815288078165,-0.001285643184237106,-0.014431984621960953,-0.17618343482886759,-0.0001307514207894872,0.10751636479939558
-0.005288276896886435,2.495759399748809,-0.0013291032823534463,-0.013365909727992007,-0.17335428182675006,-0.0018981504546357803,0.1295083262691977
-0.002156448290435032,2.494539902913965,-0.0008539747303365467,0.04676852984061942,-0.1652401808944981,0.050249440570062004,0.057980412073046064
-0.002858506279265672,2.492407669032049,-0.0009269073367975933,-0.013472899372557,-0.1772504711022804,-0.001885105887666868,0.07401747414076593
-0.0038477651768168146,2.4928627028976336,-0.000965968925956638,-0.015396856585469796,-0.1771929787955969,-0.00007828011466539818,0.09664222741465613
-0.004893260056974157,2.4938127143462383,-0.0009666115272596081,-0.01579352063741407,-0.1776614844107031,-0.00001573176085105724,0.12057216446648208
-0.0028419778955753594,2.495195721011725,-0.0012347219631169565,0.10833115477064764,-0.28867457913993244,-0.0074899717609357855,0.07374957252237271
-0.003525115079366775,2.4929904216947256,-0.0013417346765889594,-0.012790332254663602,-0.17442237006964906,-0.00016798589456018854,0.091490433687986
-0.004463844113869198,2.4936018367700323,-0.0013697453414889742,-0.014339181897003816,-0.17594252372789185,-0.00028034378531904206,0.11291959153361646
-0.005326552075825961,2.4961644129490463,-0.0015004847113762288,-0.012069619327927725,-0.17093910045536678,-0.003018419481091854,0.13266361666802232
-0.002069522844150462,2.493169756860915,-0.0010318415681969712,-0.00528281347401135,-0.1671197154505941,-0.00006758921916584538,0.0583276176224104
-0.002835974975312425,2.4925182553633998,-0.0011953082849560333,-0.012762620870227434,-0.17699363585657643,-0.0024081911687544254,0.07581821760128923
-0.003775428303922681,2.4929589310182134,-0.0012735119657030771,-0.014712469536216362,-0.1759683728395282,-0.0006268918394296397,0.09729024466967578
-0.00477325925258951,2.4949178069211833,-0.0013107006013382213,-0.015066101668000844,-0.17636303986071583,-0.0005892603051054151,0.12011878956913424
-0.004202012223742391,2.4960946925279583,-0.0012268688611028426,0.01542608111966171,-0.16604307036155566,0.019660577919801255,0.10708438438882538
-0.003723306809365403,2.49416671898809,-0.0001763323894346492,-0.010359736320838886,-0.1723507514566129,0.00023321190198304963,0.09612335399596555
-0.004808510083561116,2.4938349450883566,-0.00017179784046491816,-0.01761472576893915,-0.17949572838353742,0.0000035939691230451377,0.12098718658443372
-0.004997780752632168,2.4972145744469847,-0.00020833249356915526,0.04328425902779819,-0.23759397952337963,-0.0022455574833730573,0.1253419437049652
-0.0038293392404643092,2.493371177238372,-0.0003170666801307162,-0.015193024188832584,-0.17836447845501693,-0.0008416056929577095,0.09966355938375895
-0.004977282598719624,2.4939659191091144,-0.0003340687123392869,-0.017542416922689118,-0.17943811853872826,0.000012000683093954762,0.1259190084864935
-0.0028936347258985994,2.4939011647483933,-0.00048438368594252545,-0.008917533597751772,-0.17084619473328164,-0.002301735077114126,0.07853428423285416
-0.0038877180513556256,2.49311563153117,-0.0005577803001762099,-0.016317059484692264,-0.1778490893499255,-0.0003468724426948716,0.10197035828617834
-0.0050083523789199655,2.4940434032314758,-0.0005666106845695491,-0.01700109864252237,-0.17886118878081106,-0.0001536047806575127,0.1275964823861736
-0.002914098434605709,2.493960735190728,-0.0007975197321627775,-0.009043920999944973,-0.1708452940277819,-0.003415907367143651,0.08001591212626114
-0.003797643713274637,2.49313541328304,-0.0008258423402489875,-0.014800889490471179,-0.1766968819022424,0.000006104335452486487,0.1002021945496448
-0.00483849782715225,2.4939637502535152,-0.0008255039265918803,-0.01584894794414181,-0.17774112657079394,0.000004992167838592674,0.12399854189317182
-0.0027907312429053923,2.495342872225728,-0.0010748682263167781,0.1083063988694302,-0.2886755239354996,-0.0068208599283363916,0.07732598208743666
-0.0025677553026093817,2.492291963992283,-0.0002030222711852559,-0.014490190992784972,-0.17635968781558897,-0.00003852273188584684,0.07223454353996317
-0.003703683763289476,2.4927528104608943,-0.000204127725958183,-0.017789904800727764,-0.17967794636377968,0.0000047711432427759295,0.09815887701258331
-0.004911800678395903,2.4938711399432476,-0.00020355472009347164,-0.018217445124436463,-0.1801148117326326,0.000010491982210546405,0.125777801717418
-0.003002517949274793,2.4955541612217926,-0.0003015234555489839,0.10783674571622415,-0.28847679708260376,-0.0030660636026693046,0.08226937619609231
-0.003864356911958229,2.4933046393505838,-0.00037107880039463046,-0.015587831083054367,-0.17748981639605677,0.00001632194464920463,0.10282212374745371
-0.004995321955714394,2.4940795466081727,-0.0003716319298242643,-0.0173601652224745,-0.17926380070691267,-0.000013991466570445668,0.12866800807566584
-0.002908391025665061,2.494013399620877,-0.0005489559481030336,-0.009005868339184755,-0.170835713500867,-0.0026420743128436706,0.08123246999552672
-0.003892623845028251,2.4932523858843454,-0.0006413455356373606,-0.016006781401982976,-0.17748282240039087,-0.00040770508633377445,0.1048209230508391
-0.0049873467511877805,2.495242603628766,-0.0006501396362835709,-0.01656721064503673,-0.17836587719954236,-0.00008882123671561732,0.12983205174926427
-0.002800396427067518,2.4939898974596604,-0.0009351738087417151,-0.006534967596999661,-0.17176440315601374,-0.0034611643163011733,0.08168411355219787
-0.0036763787233169837,2.4931932968779633,-0.0010025953920192064,-0.01513532348177257,-0.17688850023867808,-0.0014689732035978367,0.10165708777906086
-0.00472641315381175,2.495115482412901,-0.0010628718895314998,-0.01588567913891043,-0.176889486208679,-0.0008847782585144605,0.12562475522707195
-0.0016420946820456458,2.494396674599711,-0.0005538675093303954,0.04673773669911548,-0.16569508564677013,0.05067614838254851,0.05555291334496771
-0.0023785288516048994,2.492306402124751,-0.0006413503204695581,-0.013923034002430487,-0.17790362797947062,-0.0021150046878897085,0.07220462103259506
-0.003400071389699453,2.4927688234516143,-0.0006900322230165651,-0.015923733813015123,-0.17764193574722628,-0.00015806833331439966,0.09544498371454105
-0.004478211792563414,2.4937451408656988,-0.0006916002931116255,-0.016270244375021777,-0.1781416308690379,-0.000013666636727656448,0.12004165818638307
-0.0024852126787509535,2.495213201362683,-0.0008994531649280258,0.1083133399216876,-0.2889279500935876,-0.00644770886691499,0.07473498965670443
-0.003193928038945606,2.4929921859362936,-0.0009816405576955557,-0.013253496846623681,-0.17513244886226093,7.786055773270042e-7,0.09273884530057104
-0.004176198676655721,2.4936322565019045,-0.0009943191338685562,-0.015103981245078071,-0.17677944609235557,-0.0002073750224114504,0.11510559369333032
-0.004165853746770424,2.4968033929863815,-0.0011756338031295608,0.04501404122362582,-0.23577381293381117,-0.008244380867183588,0.11490006001258846
-0.0018711282650162512,2.492468830276825,-0.0004870381631054114,-0.011096962726564255,-0.17314492762474568,-0.000668258544622841,0.06279039947232325
-0.0028317440789428286,2.4924562753645394,-0.0005817136344275294,-0.015475950442948376,-0.17751083914199076,-0.000609867029002026,0.08455552424426423
-0.0039115533817893015,2.493268629167012,-0.0005867027233781377,-0.016490387432079086,-0.17833298518672744,-0.0000836046489073408,0.10914027387413988
-0.004993512387362877,2.4958372727439304,-0.0006198782964148343,-0.015096801630608303,-0.17524044895305524,-0.0017453502653901089,0.13383223161862387
-0.0027430368638160915,2.4933068056990857,-0.0008970668014456575,-0.011301238590490844,-0.17252933546648835,-0.001531800662025783,0.08447432348937638
-0.0036589451832320543,2.4932789568697498,-0.0009085864692261054,-0.014660721091528921,-0.17655700369796176,-0.00004959876909128886,0.10529624807344233
-0.0046394585045791345,2.495638541999364,-0.0009362592361979178,-0.01367535613192032,-0.17394647143822092,-0.0016163497566333608,0.12764862265107235
-0.001507852710177559,2.494433622848894,-0.00040045614554562177,0.047054894797830524,-0.16592942651267592,0.051231077590083836,0.05667581671420622
-0.0022657257769595263,2.492287883916359,-0.0004667342887278443,-0.014366611316655923,-0.17796832040605315,-0.0016599890275601633,0.07375859553415137
-0.0033205122835877053,2.492808489854072,-0.0004921461189828059,-0.01637360755870721,-0.17823960408526673,-0.000014619353306720062,0.09769398734738627
-0.004432975055094381,2.493833785264087,-0.0004931323494543176,-0.016788539073277882,-0.178656449324276,-0.000018387943056902838,0.1230425088076103
-0.0024241270329256044,2.4953260751502926,-0.0007059507059790002,0.10808252780808066,-0.28844276424718424,-0.005758012008037623,0.07745633693604785
-0.003188264399645124,2.4930922750471485,-0.0008149345619401188,-0.013966104338875756,-0.17583567889031268,-0.0003135993833157971,0.09637053214695723
-0.004196046486097297,2.4937780546751376,-0.000827544617990595,-0.015546106522211101,-0.17717481820952788,-0.00025596385883947003,0.11930516209869999
-0.0021374055737963743,2.495109057024568,-0.0011277179122408695,0.10831955318810575,-0.28864800798543055,-0.008267528639518395,0.0726817692187601
-0.0028143899273083695,2.4929273343151497,-0.0012730514220670316,-0.012530896950831141,-0.17401665933630836,-0.000630007682382935,0.09030871458623188
-0.003724195721113495,2.4935139942130156,-0.0013063723147340829,-0.013974130220101341,-0.17535906202884416,-0.0004993048110081874,0.11090939952194154
-0.004562129252279878,2.496046291498484,-0.0014526817228728449,-0.011694694879095198,-0.1703246207213749,-0.0032599432491652747,0.129984265212885
-0.003508741002554777,2.4958494217114575,-0.0010856838597466552,0.01382960830340107,-0.16694292916960882,0.01895832735252718,0.10605542442799709
-0.0030776387830541868,2.4941394980414473,-0.00009014486395214292,-0.009868906917756477,-0.17191147608444676,0.000364937938095141,0.09625512161316885
-0.004115008391025114,2.493790076081817,-0.0000928621195002096,-0.017075633455921106,-0.1789756755736752,-0.000018230385891527246,0.11981968819740137
-0.002172648552422201,2.495236176149704,-0.00020057768313136096,0.10805446659588186,-0.28868576058619805,-0.003421167258988837,0.07589057471060925
-0.003064004594155152,2.492990304497744,-0.0002998535446791946,-0.01573399171569816,-0.17722570987600658,-0.00038878290570212447,0.09620082367298399
-0.0041744097064131585,2.493760156496819,-0.00029996362349865715,-0.01702883781976329,-0.17892245689056294,0.00000791791431174697,0.1214300288496488
-0.0022162058232525223,2.4952900666153344,-0.00044854954756178445,0.10811645777090746,-0.28877956495785423,-0.0045783520251757755,0.07714971775183284
-0.0030197671964118577,2.493035201376383,-0.0005146110898210334,-0.014390495620472366,-0.17628481408797117,-0.000005648813849005696,0.09542170410352974
-0.00409575823773074,2.493736379060233,-0.0005414488906003305,-0.016469485108722894,-0.17804615271984456,-0.00030075251356274804,0.11984391000694161
-0.00211496520163646,2.495197839303518,-0.0007618837802120048,0.108172510441839,-0.2887757457231281,-0.006591887734749448,0.0750759779064131
-0.0028524897835060393,2.4929745135432366,-0.0008860904445362766,-0.013798915423917823,-0.17569305672019794,-0.0009377422815305067,0.09348852483586285
-0.003854774952819871,2.4936451068122696,-0.0009308078760743473,-0.01554244254367111,-0.17662741587630268,-0.0007999561559281482,0.11615851324074211
-0.0038226662185306694,2.4968243379929524,-0.0011888015662889504,0.04504963491377436,-0.23475676084434693,-0.009034190985746171,0.11546887773516791
-0.001519042969735437,2.4925243998545006,-0.0005354773419452918,-0.010443342209548097,-0.1729918364703956,-0.0011009400022254847,0.06357074531810394
-0.002424566298780615,2.4925216111160142,-0.0006657407035985095,-0.014566845263336004,-0.17711620587824456,-0.0012317586328221676,0.08387717255106615
-0.0034594060944054253,2.49322381647238,-0.0006897570216402715,-0.015731596758048718,-0.17739675853838724,-0.00022088561837052678,0.1072895631801836
-0.004491733629823818,2.495725870944329,-0.000733074274184352,-0.014368288892453757,-0.1743604388390011,-0.0018977492891448,0.1307523509462695
-0.0022077439860643017,2.4931748277589154,-0.0010808391706902244,-0.010748137542079211,-0.17080870458598882,-0.0018285071808425112,0.08145945797161629
-0.0030889491982049504,2.4931268854552977,-0.0011358585709383478,-0.014240651907165894,-0.17532025217219915,-0.00080547972814414,0.10133892955294009
-0.004030209891051527,2.495448885203947,-0.0012126267569640648,-0.013052194591978506,-0.1725693622887341,-0.0023724741824658942,0.12267860525032723
-0.003427938444191232,2.4961485430715387,-0.0011961779825066907,0.015180848279036535,-0.1652156631841473,0.018597199427155306,0.1090549695833965
-0.002940414009083937,2.4942446622760164,-0.00020175375386025159,-0.009279574678056915,-0.17126958380155172,0.00024430273184926604,0.09800938856548512
-0.003929533687122123,2.4938514543707693,-0.0002016285232743322,-0.016361295373999576,-0.17824193976355712,-2.809656583541518e-7,0.12041423854519245
-0.0019558638403823834,2.4952179949166213,-0.00034689237329060894,0.10823419491279654,-0.2888582328336643,-0.004578769188024402,0.0759533680173322
-0.0028131445562329964,2.4929664706189305,-0.00045951649484799216,-0.015290659053579738,-0.17650189743651173,-0.0007706369810538139,0.09531660083964265
-0.0038761966905097728,2.4937113587003266,-0.0004736009307643241,-0.016176575656674574,-0.17799439220194538,-0.00006999485613788617,0.11939217513404246
-0.001888180476640748,2.4951456477833354,-0.0006538231887627744,0.10787135521682571,-0.2891832811944802,-0.004782955681165452,0.07447714798914383
-0.0027944569824361583,2.492821968574503,-0.000980271732832236,-0.013731205474508481,-0.18110752427200427,-0.005200630378040319,0.09643334128243743
-0.003971255223133517,2.4949272861145073,-0.0012126398080975953,-0.017628813024580706,-0.17596445685616477,-0.003563744334965012,0.1230029939440182
-0.004014549580462651,2.4971825378263413,-0.001717341379597367,0.0435018195742171,-0.23297817250331765,-0.012373521430132147,0.12397914656271662
-0.0016895404668738861,2.492955193837942,-0.0011821095764589977,-0.007977988327851838,-0.17034241805795397,-0.0008403830233675312,0.07180054186833804
-0.002422376391435356,2.4928865340967445,-0.0013200666573892606,-0.011857595857142599,-0.17485390995608519,-0.0016306158995678054,0.08812638911207629
-0.0032848007612076525,2.493394829916195,-0.001371774874809815,-0.01327544840704531,-0.17457629143049588,-0.0005856472821685725,0.10752725005722459
-0.004121192785994882,2.495824268729214,-0.0014797007966049483,-0.011372238794707652,-0.17026967224372586,-0.002992640017900475,0.126449733419815
-0.003907046024611877,2.497095224569411,-0.0018807475276147471,0.045903494967533556,-0.2342971957721337,-0.013122863111474195,0.12164344406701408
-0.0030253167576504625,2.4954718399147455,-0.0006888884193557642,0.011748903685078638,-0.16858286538973297,0.01851767430697395,0.10171273171166412
-0.0030566603311153076,2.4937425646092604,-0.00005157050129371865,-0.01327885137707225,-0.17503313923026217,-0.0000954010967451774,0.10241500222033464
-0.004148764526204656,2.494017415754753,-0.00006106743257466357,-0.017242983472445877,-0.17903959388485946,-0.000032333718810149935,0.12710151358504237
-0.002058237846453517,2.49389271473973,-0.00022990259302961032,-0.008999990343587718,-0.1708345497208055,-0.0025229490767071636,0.08027596112730236
-0.0030446790709475475,2.4931255596645574,-0.0003172055576745819,-0.016038338858825895,-0.1776196347084868,-0.00030440562251061125,0.10348429884896532
-0.00414278645049683,2.4940391221246623,-0.0003190497638552112,-0.016639720470449287,-0.1785346236795642,0.000005134081726904424,0.12828367144607514
-0.002018739473796634,2.493922661265899,-0.0005579244112114842,-0.007981291648514577,-0.17083770417159175,-0.0033926474735806473,0.08192526343491272
-0.0029446636274272227,2.493209834754362,-0.0006681658249581317,-0.015401471340306566,-0.17628919104884352,-0.000999461262085146,0.10445073891885637
-0.003995027386960499,2.495166198368497,-0.0007223105738989783,-0.01587354976518915,-0.17695081110563535,-0.0008141580811821195,0.12813803523080233
-0.0009087623120860719,2.4944486116585396,-0.00020590557536337016,0.04677763017629152,-0.16575318889953633,0.05079358883732455,0.05953903958793829
-0.0016529170447827585,2.4923170563501484,-0.000276462560014131,-0.014161626702850991,-0.17782110828002698,-0.0018187598411852023,0.07575494445629181
-0.002689827629195237,2.492817776113094,-0.00031014854915530364,-0.01605896587636405,-0.17791562698050734,-0.000029040606772602625,0.09883582403338428
-0.0037809560466165555,2.493819075033515,-0.0003101299698460323,-0.016472541753675417,-0.17835456294563493,-0.0000075758070721179195,0.12340212259353749
-0.0017583337239042054,2.495276998715128,-0.0005396951137423116,0.10817006412971775,-0.28851911142703585,-0.006286357332230061,0.07820391086893193
-0.0024816324545913608,2.493049470599081,-0.0006364233189540193,-0.013567407025275051,-0.17525585173892305,-0.00014033530526441854,0.09615377531554538
-0.0035182058737670764,2.493727084269863,-0.0007098026875795313,-0.01580748313012696,-0.17678797919527423,-0.0009101758797004135,0.1193356630327923
-0.0035011063221920408,2.496934729620215,-0.0009707315310291903,0.04492324193413027,-0.23467926717012644,-0.008860226295105269,0.11899172451811892
-0.0012022877908004586,2.49258226227819,-0.000297514775747148,-0.010478512593643513,-0.17230272308560127,-0.00022095123137900403,0.06791266718362732
-0.0021362562631875508,2.4925400342449944,-0.0003771693951666935,-0.015097988155270138,-0.17698649371473615,-0.00041011118535241013,0.08847653513917174
-0.0031863677980955097,2.49335158298909,-0.00037841881147829336,-0.015992113143731054,-0.1778822485527193,0.0000037086591199223776,0.11197205536540544
-0.004235939231920066,2.495883382985564,-0.0004072587635729856,-0.014626936772085318,-0.17483658830582638,-0.0016817536028303258,0.13565409898968434
-0.0020580237005559583,2.4933399276715384,-0.0007669104448964533,-0.011951100749035408,-0.17119072760019396,-0.0026416194377324224,0.08615645410006298
-0.002981976407431961,2.4933084456870427,-0.0008249939468666705,-0.014408459778312436,-0.1758711123943873,-0.0004243554013801124,0.10681385827387248
-0.003936548322631866,2.495644555088943,-0.0008746930154086607,-0.013267813391507741,-0.17320319230130493,-0.0019551829279690343,0.12833193024029452
-0.0008026483393498302,2.494416929540147,-0.00040374828350679735,0.04678545052412542,-0.16511080076212117,0.05016288608951364,0.0588134568374491
-0.0014868540716812518,2.4923781920576316,-0.0005225615375499961,-0.013010063295439621,-0.1775578068926918,-0.002743719000632879,0.07367188040001962
-0.0024477365629405994,2.4927684174370217,-0.0006156680528833367,-0.015199699388511286,-0.17643010695218933,-0.0006541161698876936,0.09497672489513756
-0.0034825397496371516,2.4936598559387817,-0.0006468768367159427,-0.01563405984485342,-0.17706548761957003,-0.0004574726170499187,0.11821321040902925
-0.0034527000484850987,2.4968746864651012,-0.0008764379182351925,0.045120606236716904,-0.2349013928362457,-0.008278378558869497,0.11758250084598533
-0.0011587846769741147,2.4925113697500554,-0.00018683326839812468,-0.010884907530131875,-0.17280898495995964,-0.0004094278698468081,0.06661750782188991
-0.0021187699038607223,2.4924824949868807,-0.00026683789822709103,-0.015504051826514903,-0.17734355756163533,-0.0003671508996242139,0.08775910931352521
-0.003196793159710552,2.4933223551409793,-0.0002684163777615023,-0.016415156597844694,-0.17831277206071441,-0.000014292067289003806,0.1118883262125808
-0.004274173468837258,2.495888982100365,-0.00029772758884464954,-0.015032301687984922,-0.17523595453824933,-0.001688415875618503,0.13620944646368818
-0.002022821668816597,2.493355168437022,-0.0005744716385893829,-0.011326627314536106,-0.17255005365347575,-0.0015604545921371008,0.08762026790770758
-0.0029400306206636825,2.493329621791026,-0.0005848803090411093,-0.01464753591069298,-0.1765301251664592,-0.000002649653040981449,0.10807792410334299
-0.003930283922074762,2.495694728310193,-0.000621560156077433,-0.013801038669127593,-0.17394466378029658,-0.001746866813805339,0.13036559087375443
-0.0016377874950490635,2.4931125517209622,-0.00101664839523182,-0.01085261374537085,-0.17043523107604314,-0.002311624655865508,0.08168337272032752
-0.002467427119679303,2.4930836457770402,-0.0010769848559225921,-0.0130980648281172,-0.17460730165473326,-0.00037360789192321305,0.10003724438092328
-0.0033649171254952434,2.494899945363286,-0.0011034982071964241,-0.013654525724457396,-0.1751623593685633,-0.00038090914666032437,0.12014442372079602
-0.004135989226344709,2.496367673381814,-0.001290950022138312,-0.011205615823393847,-0.16970754783406525,-0.0033909404907688768,0.13752255760465057
-0.0026717401199671384,2.495614210394286,-0.0005550176711105839,0.012842148278707893,-0.16820828249094427,0.01923976567233127,0.10464436778414903
-0.0026674370875868995,2.493805752959534,0.00010867010627056585,-0.013173974613491443,-0.17500763255590968,-0.00007594664219394413,0.10453193404106963
-0.003751184250582158,2.4940642054043622,0.00010774844700099312,-0.017172269927418254,-0.17905809997263797,-0.0000018072664920507557,0.12884876658822392
-0.0016596534462678726,2.4939337422081667,-0.000055515949787270553,-0.009032231597190016,-0.17083123489155405,-0.002452925095228704,0.08241062337857143
-0.002632457183191752,2.49316122066709,-0.00011462596490538013,-0.015838189467451247,-0.1776408814926524,-0.00008554000560811907,0.10509999781663765
-0.0037316394440830465,2.494067685232671,-0.00011499329908026186,-0.016693839464311338,-0.17858968433238678,0.000004516997498152751,0.12974835661303313
-0.0016564191741709907,2.493953116966024,-0.00032576625240076995,-0.010251210638644226,-0.17063405223440672,-0.00401001796522241,0.08295182769846088
-0.0026953058680276656,2.4931712014385017,-0.0005721956829023746,-0.01760891239035512,-0.17663203082298318,-0.0028658274928110095,0.10757049458509023
-0.0038479388889975114,2.495748386767558,-0.0007904554566914601,-0.016075662615965748,-0.17340766705986868,-0.004570283259214913,0.13336882003553574
-0.000834290362573978,2.4947128909672256,-0.0004120874852005348,0.0457835299796408,-0.16468063546571074,0.048742683067541016,0.06706628056672662
-0.0014948121031469438,2.4925462699699006,-0.000468545509811185,-0.01291020998127229,-0.17637096075461708,-0.0016205396423008536,0.08123424713122557
-0.002442398377616545,2.492993445033783,-0.000498583808744037,-0.01471269441325252,-0.1765674554504658,-0.00003207052662240365,0.10206079687233696
-0.0034429587434178727,2.4949733094309976,-0.0004992967633644926,-0.015124460420209764,-0.17697981012250935,-0.00003493670869685008,0.12437963725800812
-0.0013212490623771877,2.495179530663829,-0.0008505259776442362,0.10843973612962977,-0.28867834525292585,-0.008847801874490196,0.07759934953352333
-0.0010463681468311265,2.4922970184251523,-0.00004414846067209994,-0.013121614287190931,-0.17691153657848172,-0.0019555042709444876,0.07168163638757576
-0.002052529153934085,2.4925967543276006,-0.00011270644702081961,-0.015918083271448422,-0.17757011591800204,-0.00023363060241797924,0.09355739331569758
-0.003139108234332165,2.4935273519977748,-0.0001137317747368807,-0.01645216189914288,-0.17834423694977183,0.000001809392212922584,0.11768951483640694
-0.0031956252774102316,2.496872823915798,-0.00023782969300934547,0.0446724208019366,-0.23584219543085083,-0.005735497645937519,0.11899269840166281
-0.0018967392209112695,2.4930578480666266,-0.0004399102386706235,-0.012647354273207118,-0.17399655384896684,-0.0005305003452582205,0.09210646196148045
-0.002896870164514021,2.4934751503849606,-0.0004987969230866831,-0.01569893691030195,-0.17676152713129273,-0.0009220942258966537,0.11414693704365497
-0.0038922831026597157,2.496091905468662,-0.000625107718094029,-0.0136955488308089,-0.1723168895664308,-0.003274752969833499,0.13642663418346243
-0.0006702331850130262,2.493223160185111,-0.00009179933552319294,-0.006163447711794236,-0.16801302735277812,-0.000045533938373917604,0.06575840174075247
-0.0015314717675169033,2.4924423935419027,-0.0001727311039420225,-0.014497727969438975,-0.17746876382308494,-0.0011489052770984971,0.08415281627488329
-0.002570628373161868,2.4930982392173817,-0.00018334962068391092,-0.015913796797213355,-0.17780249241950144,-4.336527039760669e-8,0.10699755703807293
-0.0036453988518066888,2.4951965385864994,-0.00018425602281887233,-0.01620680986674935,-0.17805638152718423,-0.000042646437786709856,0.13098723416855496
-0.0014376488554822989,2.493918646217046,-0.0004914869798637209,-0.005907306150991959,-0.17198883630927134,-0.0036563771727798496,0.08429701699964591
-0.002266193083743288,2.493137736594132,-0.0005232103194378617,-0.013681320630561192,-0.17558507192594952,0.000020713734890951122,0.10240288949341479
-0.00323879534705308,2.4949639097150342,-0.0005311675452809358,-0.01482234471924048,-0.17656581180822772,-0.0001469469161633802,0.12399434862660505
-0.0011058267654774749,2.4951324749002954,-0.0009086715399436046,0.10849295972800606,-0.28869630252482525,-0.009595744490352073,0.07726383881687751
-0.0008107605973212374,2.492320998930042,-0.00013215168056824662,-0.012491325457923691,-0.17685066389481596,-0.0024994710002411275,0.07098680267255468
-0.0017655412792896012,2.4925855283369636,-0.00024006742566663538,-0.015257283592626625,-0.17678611136634187,-0.0007026749116258205,0.0915187675232894
-0.002816445513956467,2.493420835932149,-0.0002596428241291992,-0.015910729452099225,-0.177576614848547,-0.0002245571265881011,0.11469563038715394
-0.003859329801159003,2.4959487525994914,-0.00030553399002220303,-0.014520010448379238,-0.1744632367515372,-0.001951278906777969,0.13800166003837439
-0.0006461261529171602,2.493250681789812,0.00031381556747212084,-0.007292673220374785,-0.1691381404973843,-0.000052247549276735684,0.06764939002593302
-0.001611151400742509,2.4923614390261375,0.0003016305040072231,-0.016361507370474045,-0.1782692974431434,0.000008600562109479488,0.08824841361811385
-0.002771580913935364,2.493260381646904,0.0002995831394682229,-0.0176822355583404,-0.17955959583338815,-0.000009763710305582223,0.11378734373220921
-0.003958969021070567,2.4955084620617565,0.0002980951346073592,-0.01787009305272041,-0.17971869877957397,-0.00004560771549540491,0.14032403787216083
-0.0017878417341889187,2.493445440496612,0.000098840317537906,-0.012049637048089059,-0.1761080656412025,-0.0022454321150172127,0.09341690293651872
-0.0028257493028419614,2.4935230854860104,0.00007740077730893976,-0.016305783971515702,-0.1782021877417985,-0.000021441743445254225,0.11629314026481763
-0.002929703086237156,2.4967863383505486,-0.000003100338227923568,0.0438498426761685,-0.2376837136457123,-0.00483939636086373,0.11864093102161091
-0.0016786148271323382,2.493001048447866,-0.0001635088115989077,-0.012722851788986625,-0.17457837178812466,-0.00007173016915710388,0.09137160174274496
-0.0026854268379235087,2.4934013121772036,-0.000175848637796274,-0.01581682620620028,-0.1775902729016174,-0.00019723058526584735,0.11349229495366113
-0.0037311823700422997,2.495883212653974,-0.0002175116655351829,-0.014608780818016502,-0.17463108415121897,-0.0018709128262137228,0.1368084490510262
-0.0014627695505694239,2.493340162514224,-0.0005543338594559638,-0.010949715299276472,-0.1712078020964723,-0.0018046326521981972,0.08889561216784198
-0.0023325157566505077,2.493288011540349,-0.0005714377243316662,-0.013953810289569768,-0.1758222923856672,-0.0001977381136413513,0.10787379835734778
-0.0032648305464124203,2.4955885255940515,-0.0006070675603989782,-0.012970815404630777,-0.17310879259681441,-0.0017536955731241996,0.12854605439866737
-0.002213365596058462,2.4956473146260336,-0.0001308977169654822,0.014205178462020506,-0.1682448938231202,0.02064457346540046,0.10528577191023288
-0.002209867415791065,2.4937161497504543,0.0005881524381478945,-0.014705357756215278,-0.17580064207771456,0.00013593372660655658,0.10522897415696908
-0.0033541777391175517,2.4940226332239073,0.0005877594637718032,-0.018100332957457548,-0.17998571341360578,-0.000005523091337936438,0.1305803624028103
-0.001449230879685623,2.495627139104221,0.0005152583272626516,0.10782700423630169,-0.2884578833570514,-0.002284393006423418,0.0887469649571882
-0.0023672226079591635,2.493355347403459,0.00043641857782347504,-0.0171684280392557,-0.1786432861551163,-0.0009361031960809316,0.10970427251277401
-0.0035537819802233606,2.4942229446627886,0.00041425550540578063,-0.01799246295115031,-0.17968262959223752,-0.00020127250931804648,0.13605181036791225
-0.001484582708703891,2.4942174618235935,0.0002627407698723386,-0.008921209165929487,-0.17084189456383433,-0.002273584803071895,0.09070905509415357
-0.0024496993942721896,2.493434402598832,0.00024241884353893352,-0.015947352546218815,-0.1778443967074673,-0.000016676377067212727,0.11284701410341762
-0.003564401123158964,2.4954258843261,0.0002425282687130649,-0.01693668568103508,-0.178833984204824,0.000013880309612216212,0.13761231035599153
-0.0013796341965181913,2.493331475122505,0.00003568532733546542,-0.011750194825353012,-0.1735241726001286,-0.000961772802820166,0.08971266487177153
-0.0023481689860026037,2.4933011051973835,0.000026280965430606687,-0.01565143396102048,-0.17740090606993364,-0.00013985861662459974,0.11080696045952923
-0.0034265809565611548,2.4953260685782377,0.000013660404158485338,-0.016327023065652473,-0.17799174956684125,-0.0002279043343907255,0.13470310125384413
-0.0011975781405066854,2.493209044967525,-0.0003001822078629026,-0.012168786226351718,-0.1729578181842835,-0.002708752046698068,0.08775213847577074
-0.0021524758105030614,2.493235891303016,-0.0003951869665127314,-0.015079241329155117,-0.17595926910937512,-0.001034178000645919,0.1084536239356657
-0.003146934823060981,2.4956294874268408,-0.00048816672105763407,-0.013822261348093647,-0.1730869491891261,-0.002631018109275924,0.13042477131822183
-0.00004107811871223064,2.4944414550172667,-0.00006269796335208128,0.046387811221511574,-0.16481093395377425,0.04948362671803878,0.06386201870923469
-0.0006963208958268336,2.49242583555118,-0.00018565564263475166,-0.01252297989838632,-0.17720152137134598,-0.0028328713246415717,0.07726449244077017
-0.001619487860536735,2.492781373479044,-0.0002902045515949981,-0.014714455151633351,-0.17584557317943458,-0.0007576758627872191,0.09695801611406331
-0.002625133459208842,2.4936221521476107,-0.0003262691435436259,-0.015211094432629057,-0.17657781356178906,-0.0005255645175467917,0.11898245241728174
-0.0025726756558030373,2.4967843198896778,-0.0005720219178405076,0.04524743363925305,-0.23490332895475563,-0.009051384135107272,0.11786580056359862
-0.0002614078875106065,2.4925000162409594,0.00007562717636225897,-0.0102926524644621,-0.17334987375180388,-0.0015403116922407041,0.06841544225775731
-0.0011533859587470924,2.492513013584114,-0.0000734602543099257,-0.014315169226633097,-0.17717105525793378,-0.0015433651954631963,0.08704961409594807
-0.0021782198901336594,2.4931692426422774,-0.00011131411542749036,-0.015643085335181234,-0.1771675390142922,-0.00036518264087114936,0.10926126628276478
-0.0032315771862877958,2.495246417503018,-0.00013705698243434192,-0.01587473940939544,-0.17733069911777202,-0.0004380076041008504,0.13254896159531634
-0.00013794385095310558,2.494535147267391,0.0004183234065683409,0.046960726212277905,-0.1661439661989068,0.05138676444020921,0.06603804634368549
-0.0009174608316377751,2.492307724721792,0.00038352280227874953,-0.01487788020144421,-0.1777414028314091,-0.0009039540211299143,0.08215529038001117
-0.0020105774259887113,2.492922610790793,0.00037730773290780797,-0.01692438089631794,-0.17881033371384492,-0.000007470705077452601,0.1057073362799761
-0.0031552634081032493,2.4939998078056993,0.0003770945772128288,-0.017251509467985746,-0.17913363013366296,-0.000011956605343940622,0.1309674292002325
-0.0010590609061868143,2.49395098889142,0.0001778063050047083,-0.008653822816368706,-0.17083616805609833,-0.002891002024070607,0.08581735453446805
-0.002022171564529678,2.4931885540096204,0.00005608388946654013,-0.016382175960065224,-0.17702605517301345,-0.001247983960760159,0.10807685124277039
-0.0031368936041309627,2.495210154935645,-0.000012718953778811453,-0.01682253880537346,-0.17769491372853116,-0.0010249071792941798,0.1326520256292873
-0.0000765753277784802,2.494555687281925,0.0005512033836148974,0.04686522340285036,-0.1664240729263348,0.05157150494387449,0.0670545450408016
-0.0008850469524794662,2.4922904517502524,0.0005330855621996014,-0.015411997030551051,-0.1777981133769802,-0.000523589416331221,0.08367996574909213
-0.002014211051387519,2.4929721727364775,0.0005308325354893661,-0.017517364256796463,-0.17931924991054105,-0.00009757839717320481,0.1079681848169212
-0.003190723427014385,2.4940907337518348,0.0005285332152928847,-0.01771047577850386,-0.17956628425384988,-0.000039291523746539655,0.13391217825501509
-0.0011131250762455682,2.4940854039030467,0.00035560752304965564,-0.009016045116936686,-0.1708407986395347,-0.002582039765264761,0.08878405279848121
-0.002077043741181382,2.4933089574667093,0.00028807912559025527,-0.015771149751702095,-0.17755615990625262,-0.00010563422004899839,0.11074074545378812
-0.0031701283612630667,2.495288417920487,0.00028788098454243484,-0.016601280840471088,-0.1784994661642054,0.000004007108166534629,0.134840625828803
-0.0009740523728295934,2.493200169889633,0.000027626596338519783,-0.011488510483121477,-0.1720423811002522,-0.0014249282159408136,0.08733183671129383
-0.0019071863868750719,2.4931464541195956,0.000022002256766508897,-0.015011685184425553,-0.17690036682542723,-7.893583164045989e-7,0.1073879691946105
-0.002940258125278571,2.495120947626628,0.00002165725189534635,-0.01564661003233925,-0.1775239471267106,-0.000015857874889382563,0.130086631751415
-0.0007729617103921899,2.4938105414125156,-0.0003233610537558818,-0.009191578766718207,-0.17092303280214205,-0.005008617124867921,0.08348779488531305
-0.0016429110373581118,2.493043710426887,-0.0004371118906313892,-0.013948143921350499,-0.174941947272168,-0.0008957086428491961,0.1020225513041342
-0.0026001363928237252,2.4948770308114914,-0.00048342899722709517,-0.014501078662362523,-0.17569879331586932,-0.0006953519347608218,0.12292669571658155
-0.0024660133117327884,2.4968631513565573,-0.0008075637166584707,0.045539018299078166,-0.23455813914976248,-0.01063905206198695,0.12001833033708023
-0.0015632185873052104,2.495195516765455,0.0005045820805697505,0.011991040089390571,-0.17022047163845275,0.020405697665527866,0.10033245123100337
-0.002437556742745741,2.493768921919649,0.0005086257338797358,-0.015803742715010283,-0.17769680828880952,-0.00004761667850807295,0.11937264792333767
-0.002546052321391156,2.496863215295899,0.0004454217163769931,0.04382856717325172,-0.2376401743560127,-0.0038713391115895376,0.12179171946880535
-0.001322713797842823,2.4930656130360678,0.0003066242129805884,-0.014332613549291254,-0.1752489699435534,-0.0009643143324708396,0.09684235842873692
-0.0023575750074308786,2.4935698060651386,0.0002998200966422228,-0.016011055023761718,-0.17790674326209002,-0.000009762251439454605,0.11931671409070228
-0.002396347271141936,2.496833413177145,0.00017365047247740607,0.044800991993361024,-0.23588248710305632,-0.005972880071201509,0.12020329974163549
-0.0010749885097251861,2.493019420466302,-0.00002360744329657567,-0.012130931263984193,-0.17379024260774717,-0.00022133011813785827,0.09366530822534212
-0.002063827958462056,2.493417356753933,-0.00008386904924156707,-0.015543955010195547,-0.1765600882443297,-0.000935841287492904,0.11489141266052157
-0.0030485730294704965,2.4960195528147016,-0.00021148978737466827,-0.013537801214480056,-0.17214376954827862,-0.0032922829587167255,0.13654674419700535
0.0001772366319918748,2.4931458941962923,0.0003084483902521015,-0.005971362831382278,-0.16781898406826348,-0.00005047620352553981,0.06797330401656373
-0.0006582676405230475,2.4924393501115123,0.00018636584078236636,-0.013921967859762565,-0.1774710062552932,-0.001724559883450423,0.08490384858458877
-0.0016705088166739737,2.4930018328665273,0.00015108967566391122,-0.015577804521166801,-0.17726824991816958,-0.0001924221204960533,0.10644138949417332
-0.0027218224744978725,2.4950595815294707,0.0001404332873670075,-0.015856883887911778,-0.17756289863133237,-0.00018791693220539783,0.12941911573595133
-0.0005878577436513466,2.4937704527229845,-0.00023570103839443547,-0.010582708747368594,-0.170615257408251,-0.005510907899843352,0.08285134519473915
-0.0014838535632599053,2.493011916538475,-0.00038051769250907794,-0.01431634123104448,-0.1748359140236711,-0.0013720581984355566,0.10183911821340351
-0.0024630927621864564,2.4948713403358336,-0.0004599890234372367,-0.01480670866298834,-0.17549381390538768,-0.0012082410431077726,0.12316004332971757
-0.0023467779574450416,2.496879118041942,-0.0008230498624551947,0.04527941426109734,-0.23428333180505237,-0.011355860087248532,0.12064985132610735
-0.001462237839812562,2.495234669589091,0.0004430060317463791,0.011748850337893057,-0.16974461090079898,0.019687360979277455,0.10140476588814987
-0.0019241187473879656,2.4935759800617308,0.0007810938028378961,-0.015302880135903127,-0.17717565751311223,-0.00004332363331917277,0.11138798616565254
-0.003068463391638304,2.494223545570362,0.000780613621658983,-0.017715656178757668,-0.17961149979405006,-0.000002074291882784204,0.13652995203075688
-0.00099105732763415,2.4941770630718856,0.0006371258187773111,-0.009022091429756875,-0.17084534911264318,-0.0021618682221112018,0.09158480242215465
-0.0019661069014036644,2.4933839957401487,0.0005908746210718586,-0.016150338709358586,-0.17804588398442625,-0.000016818299592017038,0.11348418509560647
-0.003094816582207599,2.495388657980866,0.000590510317046341,-0.017140743727751373,-0.17905165538883244,0.00001509751905211165,0.1382844382467355
-0.0009019546177762734,2.4933188747673993,0.00037979080449712893,-0.011359383694994904,-0.1730143853141819,-0.0008520429834477141,0.09097488730328819
-0.0018778261664229663,2.493274231013364,0.0003777907223118243,-0.0158163909590813,-0.1776994933858616,-0.00007659906640586762,0.11188138404941345
-0.0029641474874678073,2.4953049669055636,0.0003754008320694599,-0.01644922117947817,-0.17828553938798755,-0.000054660347777565604,0.13568938044752069
-0.0007405537562887869,2.493165556572271,0.00007611640422362486,-0.012360011372358847,-0.1748405245792909,-0.0032970170741853455,0.08943529644387127
-0.0017155968890212952,2.493231318189484,0.0000034121230072861015,-0.015128027636861524,-0.1763535684413253,-0.0006660740062448025,0.11020955897050302
-0.00271490991542279,2.495629626731172,-0.00006325291255414824,-0.013907321351891893,-0.17358235795709362,-0.002220815598195346,0.13203465944561163
0.0003981864739663833,2.4944440374888988,0.00041871459993419563,0.04668674251662784,-0.16540927440329742,0.05038727821369015,0.06658946736842944
-0.0003146397828651677,2.492355207029253,0.00032910323214307074,-0.013565724723486022,-0.17759319067573295,-0.002179755882311119,0.08072204782437524
-0.0013123747215190468,2.4927924663847354,0.0002730910781910569,-0.015595759992978714,-0.17723420801653236,-0.0002489628032890742,0.10163601729956381
-0.002369504279115046,2.4937439109303803,0.00026524443692513283,-0.015958964176724853,-0.17773826297711554,-0.00011313003059457776,0.12454663130203084
-0.0003258613190129764,2.495142140474602,-0.0000018058182019313788,0.1082627403710106,-0.2886114319862817,-0.007324203009003018,0.08106930104172227
-0.001011929688451447,2.4929350632047527,-0.00010571749369215998,-0.012905919847360931,-0.1744936805142186,-0.00021140167938210196,0.09764315445282237
-0.0019587156888087095,2.49355196349902,-0.00013785274213020513,-0.014456279098147853,-0.1760104250247435,-0.00033785952760502307,0.11791190089842174
-0.00287112823927052,2.4960915784170736,-0.0002296934209993108,-0.01248778221099682,-0.1716274975207802,-0.002756628590362099,0.13789147980353242
0.00038032002366470026,2.49317261551134,0.0002595718826364749,-0.005500913021793604,-0.16734218607520074,-0.00006606437369147006,0.06936760613858148
-0.00040884995325334575,2.4924956435757997,0.0001116273797527703,-0.013159760874626485,-0.17714240993341956,-0.00216304754007047,0.08512779573308801
-0.0013736844114752905,2.4929815944606166,0.000049059219671782194,-0.015004980649539165,-0.1764197911083242,-0.00047638155419436055,0.10541571529351579
-0.0023894573261637885,2.494975874882148,0.000020832132991782175,-0.01533083544773607,-0.17677066332736258,-0.00045499129679387845,0.12743106441185728
-0.0002806858115096886,2.4951955130233676,-0.00036374335954231387,0.1082365301206817,-0.28847376526222457,-0.009429483481267075,0.08263011802882214
0.000009532193879553365,2.4923458777178804,0.0004260847414456063,-0.012648351419751158,-0.17665755618387874,-0.002198134346002122,0.07675434919393537
-0.0009619141794578615,2.4926179949370595,0.0003375074894617045,-0.015480436413822588,-0.17691513660415684,-0.0004549979377060037,0.0967717906035243
-0.0020195480388314306,2.493499914438228,0.00032598579286317804,-0.015995453195372034,-0.17776594514678498,-0.00012282507069284613,0.11947019458832475
-0.0020515250096309165,2.4967878255362033,0.00017964521439355774,0.04479240116279974,-0.23581500178554807,-0.006673004293732582,0.12020475044866537
-0.0007207016150031869,2.4929948552952936,-0.00004026280179135249,-0.011938343632962188,-0.17327463175043628,-0.0005463362865104973,0.09406593827850715
-0.0016375116169461692,2.4933596911807703,-0.00006156014616249527,-0.014237573182040686,-0.17604632312022966,-0.00024776015685377533,0.11350753051258013
-0.002579267815838204,2.49572371990073,-0.0001023764163961055,-0.013062270699741238,-0.17311138017195157,-0.0018457430324739373,0.13399594233904935
0.000560226957393527,2.4944850263490403,0.000358188619867231,0.046692448081409425,-0.165010345154073,0.05000075379412694,0.06848122291031065
-0.0001174995938261486,2.4924152671606024,0.0002555461356244593,-0.012979991438770856,-0.17724660615252724,-0.002434721123616066,0.0817539356630523
-0.0010744167317633083,2.4928102215713404,0.00018114984556009316,-0.015073001350588238,-0.1765124723009435,-0.00044940842585552726,0.101593018514274
-0.0020993899440767375,2.49370978099427,0.0001613115587327282,-0.0154868093331442,-0.17708599003995482,-0.00029416477602657365,0.12362906306846637
-0.0020610042946691423,2.4969133763466647,-0.000057610846145116713,0.045223311678875396,-0.23498817656478768,-0.008137879214968915,0.12283656522546249
0.00023344509105569113,2.492528975727534,0.0006437561487807164,-0.010938276442207384,-0.17262318374142932,-0.00011800049770291544,0.07487665917996635
-0.0007430473500600022,2.4924923218958797,0.0005766715529710101,-0.015771533047577287,-0.17745398591800332,-0.00020623405862603596,0.09472904680142816
-0.0018345383206316717,2.4933748248315113,0.0005761950316257046,-0.016604103848596626,-0.17849353264590365,-0.000006323844327554232,0.11799124684699247
-0.001939488470958534,2.4967284888830776,0.00048822518020248136,0.04383529155745875,-0.23769261520036783,-0.005215372632561087,0.12030136560784893
-0.0006694399829557006,2.4929471798815226,0.00028493766963912385,-0.013845487133106231,-0.17443056279497315,-0.001298708681000678,0.0958005975042907
-0.0016613997901201753,2.493429943998957,0.0002587049819438412,-0.01519980734109503,-0.17692867161151624,-0.00016355995061955673,0.11684335538560754
-0.0026655978595799493,2.4958754931146245,0.00021807781791114008,-0.013974318846554526,-0.1740218120312732,-0.0018491178721744663,0.1387011564507031
0.0005608767045396497,2.49315503764879,0.0008054301259726471,-0.006822932539869156,-0.16867595050338455,-0.00004099696882004418,0.0712233163651409
-0.000356104437089363,2.4923503214710325,0.0007450861172878792,-0.015449108414969189,-0.17799708992659766,-0.0007017981667204307,0.08941209737595963
-0.001458790504522801,2.493100987994734,0.0007411837251562836,-0.016958128467607254,-0.17884716560084765,-0.00012865429139685005,0.1125916789552968
-0.0026002714933510565,2.4952838064193306,0.0007360692549646375,-0.017187457356265968,-0.17897956190995534,-0.00010023996137750491,0.13736331192574436
-0.0004148077326117603,2.4932363377234394,0.000511877797410412,-0.011636281170854634,-0.17235647998739023,-0.0008876565388961569,0.09093025041319941
-0.0013904843951230979,2.493196176659236,0.0004882484702659091,-0.015527961806918143,-0.17740926310805474,-0.00009238607307634488,0.11140103935519487
-0.0025148753603470605,2.4952455807540592,0.00042672955228896975,-0.016937984319038892,-0.1779029281311349,-0.0009346620130385611,0.13570778868196806
0.0005463839102968375,2.494599983312256,0.0010246547174056289,0.04710750689543633,-0.16665639606967841,0.052062749823957345,0.07190313122182919
-0.00027791020757102024,2.492283623548203,0.001020127553919466,-0.015824520888572214,-0.1777495961391158,-0.00006501774653058571,0.08818433466964085
-0.0014347592908616263,2.493033357138399,0.0010194453335606295,-0.017799250849494793,-0.17968846647088202,-0.0000031017997806521423,0.11242223581138071
-0.002634686116086263,2.494178522161718,0.0010191746211371678,-0.018065110297374006,-0.1799502804910117,-0.000012492937773773857,0.13844357963609857
-0.0005667714457635161,2.494207078435637,0.000875187885843478,-0.00904025514258005,-0.1708533492231149,-0.0021440783616698926,0.09436661446153234
-0.0015438048835723567,2.493414284025241,0.0008291468513965574,-0.016163922497423527,-0.17806006907534894,-0.000016985437374688846,0.11591530376022657
-0.00267348424927517,2.4954199857383523,0.0008287129136493693,-0.017156146644490465,-0.1790668752746614,0.00001320837938694008,0.1404404621963603
-0.0004829138089727599,2.493344324859718,0.0006135200601392353,-0.01147069157211752,-0.1734246580052148,-0.0011987018947790206,0.09388040352682692
-0.001461360076771816,2.4933080889256796,0.0006098854721903185,-0.0158633061941977,-0.1777395626453231,-0.00012168821922075662,0.11446201044845501
-0.002548862859869995,2.4953421498251083,0.000605712102353747,-0.016471680956321587,-0.1782794274960538,-0.00008877358013725555,0.1380050324575519
-0.00032531260083349593,2.4932077395105385,0.00030687244699420654,-0.012354094716374598,-0.1746179126501181,-0.003217311335293536,0.09250506280428374
-0.0012970013694471138,2.493268666937346,0.00023616422614345582,-0.015081486963899188,-0.1763385571817893,-0.0006359417815346542,0.11281875522498214
-0.002293572403004663,2.4956631633380075,0.00017151502227945623,-0.013869499220932844,-0.1735766372645309,-0.0021901498205462305,0.13429834485607345
0.0008209573901332948,2.4944750881130333,0.0006546857815446657,0.04669211460852875,-0.16541088131422768,0.05040383235376525,0.07019742241915282
0.00010645268328765176,2.492365660161571,0.0005735970339196068,-0.013648426057602222,-0.1775203067687511,-0.0020327216732378157,0.0838958436386365
-0.0008967297256447692,2.4928198957645598,0.0005236446797554852,-0.015638002330325716,-0.17732959694709166,-0.00020003381730659118,0.10445679675285906
-0.0019559808619314346,2.4937804238707795,0.0005182031669760292,-0.01598918533250196,-0.1778044125928421,-0.00008002679065325995,0.1270727858016937
0.0000866970029775229,2.495183432817273,0.00025597806102753537,0.10826962907067296,-0.2886110115214878,-0.007219617952283775,0.08440762610383468
-0.0006018277146407129,2.49297410723773,0.00015157494888157842,-0.012843048027116544,-0.1745692481507011,-0.00013005141844453494,0.1006433818694446
-0.0015406206526684474,2.493585462587232,0.0001342528270030792,-0.014356612270142647,-0.17612939554554952,-0.00012186049658466884,0.12042973546970033
-0.002447621928131298,2.4961178230983623,0.00005755542153965233,-0.012417457772949718,-0.17179268566140926,-0.0025217105540943506,0.14004809858170858
0.0008053876886947416,2.4931914631167524,0.0005631216172775385,-0.005714655750266901,-0.16756118399434447,-0.00005335449118983695,0.07287152557507451
-0.000008734796214217782,2.4924786863272086,0.00043662379193467433,-0.013614980408941374,-0.1772280745185501,-0.0018058279022287217,0.08862896405519928
-0.0010008843442098636,2.493018271052529,0.00039538109316865724,-0.015301466617547405,-0.1769271099289226,-0.0002657320581992278,0.10907890947992124
-0.0020345864221730505,2.495051833501883,0.0003797296501864954,-0.015595594213900929,-0.1772239180625442,-0.0002673464179821488,0.13118823962029022
0.00010327803655620557,2.4937401843821814,-0.000027871700317661858,-0.01065812365413299,-0.17057040129300213,-0.005896916853948701,0.08570022034619906
-0.000784248427843869,2.49301470823432,-0.00020957302145705278,-0.01421115484669139,-0.17420169035059052,-0.0019043041590079057,0.10385445851509069
-0.0017570982734752285,2.4948466857011242,-0.0003240390398323592,-0.014701780759918171,-0.17485652591677672,-0.001743993582268227,0.12453324410115416
-0.0025905517034206247,2.4963864582554414,-0.0006066962030201954,-0.012071237540543919,-0.16910961581777822,-0.004865166122404457,0.1426387623966392
-0.0011769793353044952,2.4956937011121143,0.000025828757925141902,0.012172848055498146,-0.16727522483411156,0.01764570248942506,0.11207858676487698
-0.0008074139156064024,2.4941384665829855,0.0009458025512652326,-0.009411794555806713,-0.17147347937343344,0.00042922005925438294,0.10427951059461196
-0.0018096031621065401,2.4937903490914017,0.000940374663530782,-0.016466593828182184,-0.17835823397038988,-2.332374367571485e-7,0.12560167865723948
0.0001600066717511292,2.4951731564167985,0.0008039648430102435,0.108203302068596,-0.28885440914324323,-0.0042139197894868734,0.08463711820804683
-0.0006510570853379587,2.4929541652326144,0.0007423115407554773,-0.014693029620523655,-0.17648226003433742,-0.00010039021585570095,0.10292955218947876
-0.0017052533654536978,2.4936909573043153,0.0007416590938481839,-0.01616035032814543,-0.17805323482012708,-0.000002581053002737701,0.12530210615057424
-0.0017487066932982379,2.496988885229381,0.0006153801963534707,0.04475538765769812,-0.23586772108484189,-0.005909057052372214,0.12627845806075005
-0.00045386384005769863,2.493193085300659,0.0004139869982558232,-0.012417797778266735,-0.17381079245837747,-0.0004892575389726487,0.10082242524475137
-0.0014124534942721574,2.4935853766280753,0.00038957937043451534,-0.014894131035271168,-0.1765986869743026,-0.00026172845395539446,0.12095769167252877
-0.0013895213651305557,2.496712400775325,0.00021409087990711308,0.04513674469200173,-0.23584248948481823,-0.008248901500940525,0.12050531175950549
-0.00003081825079396939,2.492978494099921,-0.00009122914704004959,-0.011490143615413633,-0.1728210739174067,-0.0017884757859084686,0.09504696483758118
-0.0008745444891526788,2.4932960981387895,-0.00014709767575853092,-0.0131143007305686,-0.1744786649715018,-0.0005269103687152993,0.11243872866638745
-0.0017025235226520382,2.4956920907439644,-0.000247991586515322,-0.011261956971011346,-0.17029260827118275,-0.0028651679018903368,0.13004502313671937
-0.001481430378005367,2.496953933243817,-0.0006410143952437626,0.04600910428732973,-0.2343627815807169,-0.013065805067765404,0.12535297536706255
-0.0005977038770610461,2.495326300602368,0.0005592122871466423,0.011779157433436417,-0.16867357233453048,0.01864937012511063,0.1066922125369015
-0.0006324901456142441,2.4935937402694237,0.0011986835783469453,-0.01337880066672361,-0.1752086065948992,-0.0001271692997485589,0.10741261058524879
-0.0017271465887881093,2.4938720317759726,0.0011949669660209937,-0.017281303557752824,-0.17917567030210266,-0.000004242777770450262,0.1305905274859773
0.00020386625757855986,2.4953913136859516,0.0010919458513988778,0.1079673247644706,-0.2886377784217725,-0.0034374878488971504,0.09044467261062648
-0.0006638726848100522,2.4931085366150363,0.0009554240171483083,-0.016195950017106296,-0.17970837043759239,-0.002607586467510341,0.10931552800130495
-0.001842014400723241,2.4939789081927386,0.00086586862082089,-0.01781871089080607,-0.17846620201923216,-0.0012508647499513271,0.13427062405094212
0.0002595471162383261,2.493922007899035,0.0005856915846549381,-0.006624760005893323,-0.17169325321358797,-0.0037174032963503785,0.09245687805789472
-0.0005925465448999305,2.493133630067797,0.0005582454000979864,-0.01417229432445867,-0.17608025882706363,0.000008878800408659952,0.10975354823381601
-0.001602558683724755,2.494996936957339,0.0005461283783570806,-0.015379362377531965,-0.17707327816729726,-0.00019391277288334751,0.13102844514716608
0.0005057019712934568,2.4952185099040314,0.00020405394616844724,0.10831047983940596,-0.2885732220347984,-0.008363832977974007,0.08781292917351806
0.0007720179845178706,2.4922981356175016,0.0010252123574771017,-0.013364020160697857,-0.17683179200642887,-0.0016138816873371366,0.08272017339742331
-0.00025464113564963557,2.492619408527159,0.0009784147532890973,-0.016121100706615606,-0.17800811053327525,-0.000005687231304726532,0.10292771009634051
-0.001363207564807847,2.4935937230382104,0.000978034897467771,-0.01677476099110789,-0.17866759157519566,-0.0000037212726202320396,0.1260461505503163
0.0006086862733677828,2.495113914117023,0.000801976159385809,0.10820936342000821,-0.28883415139637014,-0.0054762982154525006,0.08593091938106263
-0.00019114429182262468,2.4929244268719586,0.0006434109828619054,-0.014750608668961926,-0.17651784971852477,-0.0014836339387099828,0.10492963273622787
-0.0012361686351311206,2.4936907705486298,0.0005958408602524441,-0.0158503346906948,-0.17711504711525822,-0.0006335303921117638,0.12664460728512
-0.0012197391541719257,2.4969157316505664,0.0003595856544058699,0.04500523437241857,-0.2348084571872467,-0.008218570926176316,0.12633753637566722
0.0010685203404216504,2.49253826102444,0.0010582573179927898,-0.010970122842630547,-0.17256580862894563,-0.00004322050803004114,0.08054638134213114
0.00009384371763310277,2.492498623129968,0.0009973041611999126,-0.015705982839813514,-0.17746708956475823,-0.00012984069715422589,0.09927328321562076
-0.0009994705167201392,2.4933820932435733,0.0009958063122718673,-0.01662049219948145,-0.17850642749139273,-0.00001347634339002451,0.12173680576598557
-0.0011055477787152244,2.49673773890458,0.0009080673659852812,0.04382249107408818,-0.23769240233243347,-0.0051708501928583,0.12400336855127632
0.0001645174145843439,2.4929544166852953,0.0007084263717056965,-0.013746351397291124,-0.17442908148689304,-0.0012033899442372498,0.1002810146920914
-0.0008234132707402018,2.4934283595930427,0.000688449404610586,-0.015187284014548715,-0.17703087218170888,-0.00014191454001613807,0.12048362790137015
-0.0018250590291787638,2.4958706599288014,0.0006538193555697272,-0.013940705706296182,-0.17408434756192928,-0.0017547106196106111,0.14171918540763534
0.00046421600377583624,2.4933005790423404,0.0002753732147402176,-0.010908761834223783,-0.1705751803120221,-0.0022293510981390833,0.09704885185035077
-0.0003871391819868753,2.4932565401938045,0.0002297167122300452,-0.01338485767535451,-0.17496356944264183,-0.000313795636942764,0.11411564669343538
-0.0012847446852537507,2.4955223918542164,0.00017642807890126867,-0.012420529411457552,-0.17230254105315188,-0.002015083387382537,0.132837312882705
-0.0006552162772084738,2.4961759072016587,0.00019991937966806558,0.015266915049281522,-0.16506331806965216,0.01855100671799455,0.11967167033630673
0.00017677147618012625,2.4949191100831776,0.0015292209204603145,0.011118775701793536,-0.1711954115736596,0.020512574429043924,0.10270663336878845
-0.000762522620724705,2.4935454081555135,0.0015314998791626253,-0.016759930218132033,-0.17865294030936166,-0.00004184929265104888,0.12187845205795468
-0.0019536709812001283,2.4955297575086397,0.0015314070030398974,-0.01816075940423792,-0.18010043407405957,0.00004087748604439996,0.14712829318348464
0.0002107692318377897,2.4934732708408056,0.001390959472955572,-0.012420150473896375,-0.17586719601841952,-0.0016493601958761342,0.10302976126376516
-0.0008593718968971406,2.493527906122993,0.001384956853783991,-0.017102551401569112,-0.17899097456917917,-0.000011673711622812802,0.12489725374096043
-0.0010110302360299005,2.4968782929546203,0.0013268380981416646,0.04353193211129057,-0.23763473691127776,-0.0034494843574822964,0.12810792507808544
0.00018390017611264972,2.4930860057010285,0.0011702280386558662,-0.01486132731125617,-0.17571584927280295,-0.0010337648931354661,0.10519187684577937
-0.000888686629782266,2.4936037593983316,0.0011627342250841901,-0.016591819999473366,-0.17848442283022867,-0.000004321042451584383,0.12711794450652342
-0.0010005871860444306,2.4969303272582195,0.0010813108412334252,0.04379902424770586,-0.23767479143173048,-0.004844232111700799,0.1294952735422535
0.0002510383005851404,2.4931390970505904,0.0009106691457129007,-0.01276317900194438,-0.17455198030546015,-0.00009314587562122169,0.10420557331106652
-0.0007439601664936621,2.493542927587212,0.0009106499181614138,-0.015596646201939601,-0.17748419335143267,-0.000006778518255816085,0.12444483621827175
-0.0007613195674979231,2.4967518744333512,0.0007769901713192419,0.044934201334401624,-0.2359221550875139,-0.006422776614812576,0.1248459864762059
0.0003493206861215726,2.4928529089047764,0.0004142647514091455,-0.01760475417145589,-0.17791451038767886,-0.005689061550074202,0.10174777849868452
-0.0007528901288921945,2.4935589269101888,0.00010870299240285373,-0.017661200025503983,-0.1754985117466315,-0.004075909078082401,0.12658317979751413
-0.001812045348442877,2.4963893180765098,-0.00029157823205515446,-0.014795402580952712,-0.16949957494316606,-0.00721587711730132,0.14886937810359957
-0.0004868698705134259,2.495860699876602,0.0002604469452763709,0.01108291381575988,-0.1670131726964649,0.016295672491376253,0.12090678909569245
0.00012360505505841252,2.495044515469542,0.0013920655950189595,0.008062678353280934,-0.17111116950376382,0.017363599117758068,0.1085708115985271
-0.0007817100319209913,2.4937497908402686,0.0013980357488232913,-0.01617366726948352,-0.1780406077420042,-0.000010492377680663184,0.12697134706154684
-0.0009091503488690434,2.4968961450766445,0.0013395223450862464,0.043713849071098744,-0.2376173181088978,-0.0035561532536358643,0.12965264042988003
0.00029759595077728676,2.493090734493429,0.0011781125851895791,-0.014707338955861871,-0.175601574187206,-0.0009965481473550378,0.10651408514360287
-0.0007668305657249073,2.493600783670823,0.0011707471684485038,-0.01648236203692296,-0.17837057222804845,-0.000013213161771523014,0.12803594521440273
-0.0008318557724801399,2.4969173249493593,0.001058312008476868,0.04462902383760551,-0.2358598813856289,-0.005135527861434133,0.12942218378840495
0.0004251255749577366,2.4930956688556383,0.000870279480317634,-0.013472884154029304,-0.1744484969805504,-0.000911994870708218,0.10583281233459009
-0.0005562689122295853,2.493543335130862,0.0008644683436299158,-0.015235575302957619,-0.1771126678862746,-0.000010008975840520963,0.12551157970391094
-0.0005584665672666778,2.496720886563875,0.0007124979731776718,0.045004563216375984,-0.23588065328415553,-0.0071763456024536865,0.12558818423379922
0.0007712743541513781,2.4929398029979217,0.00044385441006993453,-0.012175855718263025,-0.1728906512436028,-0.0011748940107202408,0.10168590011899548
-0.00015047737113637284,2.4933214858919466,0.00039050986450486286,-0.014303239431693473,-0.17547890940719915,-0.0007358263450358617,0.11976750450282503
-0.0010534851078730556,2.4958273954429924,0.0002743166035365343,-0.012342704505959779,-0.1711301783716151,-0.0031141132197954973,0.13835001919054005
0.001110106607690846,2.495338080275297,-0.00024364407979515684,0.10824498787694663,-0.28834885048050946,-0.012350642819531663,0.0954278773482903
0.0014846898304994086,2.4926011106177457,0.00048081167827202577,-0.010423514968453534,-0.17519928875928026,-0.002917676600843253,0.08863982263306931
0.0006881597214176741,2.4928296339841958,0.000321917019536907,-0.012688738547932931,-0.1752745907973343,-0.0017317618887062512,0.10333802182782217
-0.00022433335969366158,2.4934112840280904,0.0002602180716718751,-0.01396375829567416,-0.17508060938437883,-0.000780499380735827,0.12136968320151396
-0.0011035792520060973,2.495902256524765,0.0001380412686961407,-0.011986918055208497,-0.17066954082160443,-0.003218902895976013,0.13950791077545519
-0.00048142511319838253,2.4963948241471785,0.0001046284815781194,0.014979858359198423,-0.16447929475576728,0.01767343118906034,0.12665450693779265
0.0003350930105366182,2.495161550201297,0.001370866407868474,0.010921473482247946,-0.17039887838938617,0.01952270673724424,0.11022198149844889
-0.0005420704564091429,2.4937732034057793,0.0013742699966991362,-0.015781286141664817,-0.1776693899303535,-0.000037193828050318026,0.12787495543517535
-0.0006494068640580862,2.4968700340344645,0.0013051050264523219,0.043832645290908114,-0.23763367915954567,-0.004140661000512276,0.130113578386013
0.0005607443635379691,2.493070169042892,0.0011209993299902143,-0.014694408777231167,-0.17521814578391398,-0.001368468360192606,0.10727510452400617
-0.0004902183310515838,2.4935911048849784,0.0010947513558884428,-0.016082528692929643,-0.17782674232535278,-0.00015363684596077733,0.12829889246305573
-0.0005306758694301808,2.4968597982777805,0.0009596372911637122,0.044751782447236065,-0.23582957575937252,-0.00612473438654838,0.12916938065863157
0.0007721114797957559,2.493066860942645,0.0007499282494093492,-0.012329592625860846,-0.17364509264664266,-0.0005706626030508294,0.10528715299796877
-0.00016004213163701343,2.4934463590340363,0.0007427008178946059,-0.014569600675819033,-0.17638172788148557,-0.00008278001002288845,0.12365668524480602
-0.0010942181756101812,2.4959779011129464,0.0006618536694642727,-0.012837007581523611,-0.17218902674757688,-0.002549131800582345,0.14290669174863588
0.0021489004902772156,2.493063764206612,0.0012013006139007722,-0.006155107587645885,-0.16800687267734377,-0.000044827055873902615,0.08095606591300362
0.0013045042174611983,2.492390447791659,0.0010615001036814898,-0.014035262259391883,-0.17778387749000665,-0.0019447599099942736,0.09543589284336021
0.00028205565044160674,2.492941490792555,0.0010154341094419036,-0.015779183427644207,-0.17738020142806998,-0.00029614369189387305,0.11491259699612809
-0.0007831523162088012,2.4939333209104806,0.0009993304679553722,-0.016062349090118673,-0.17769981481798164,-0.000263517839057229,0.13653162797039922
0.001254508696596652,2.4953431763470983,0.0007211029893035496,0.10818211541848813,-0.2885085924790567,-0.007498509457660246,0.09646779708737863
0.001481768448620927,2.492315766733327,0.0015818268864494836,-0.014188705115460408,-0.17622929626685993,-0.0002162884766896271,0.09232431863010876
0.0003713337976174209,2.4927486995595283,0.0015757419716211647,-0.017425302931807853,-0.17930077960312255,-0.000007944432241324775,0.11323278268587372
-0.000814403375683331,2.493840527042797,0.0015732849750009948,-0.017879366780271518,-0.1797627068541201,-0.00002447363457119211,0.1372580921921256
0.0011093774540077942,2.4954859164809453,0.0014561685406380316,0.10791848990780661,-0.2885493134011183,-0.003614837544869952,0.09920754783508332
0.00025538172490871227,2.493249247134378,0.0013627331488623897,-0.015394580713874546,-0.17706519852769395,-0.00022304679869160208,0.1168065245098419
-0.0008426260515036401,2.4940121754715228,0.0013612808446273816,-0.016831013788715002,-0.17872590552797973,-0.000006953922676945262,0.13913325460226098
0.0012605128637160124,2.493898206523694,0.0011495952051359965,-0.008907429818646452,-0.17085882646045333,-0.0032399471539679573,0.09795267849264225
0.0003564541719387174,2.4930594657629004,0.0011200547379338157,-0.01562249282859772,-0.17746712422097402,-0.000801964970886192,0.115051340821575
-0.0007348917857034482,2.4939350041079296,0.0010786018133318066,-0.016589697464620103,-0.1778521204808771,-0.0006385739304183367,0.13714247667954838
0.0012759587845195006,2.495383211545606,0.000792313015349457,0.10792086387594221,-0.2882459709317324,-0.007369148028293521,0.09766174537246856
0.0014912216338087115,2.492344379186888,0.0016555123569171224,-0.014315881416645406,-0.17616987331259143,-0.00002644789892899922,0.09370869784068402
0.0003671597009747204,2.492796706590825,0.0016541497227112493,-0.017626967361676512,-0.17949286414945942,-0.000017395902049376535,0.11489172542866809
-0.0008331475758606227,2.493906873912599,0.0016476121180124738,-0.018080205047366956,-0.1799107300732542,-0.00007098590794700118,0.13921516262809838
0.001081226856501413,2.4955731714488127,0.0015384197432423352,0.10784212977224697,-0.2884916784380848,-0.0032767696224340575,0.10129519829878013
0.00022159025570025174,2.4933313225435185,0.001455345298429427,-0.015447942563007744,-0.1772187712575413,-0.0001238472960354082,0.11887740577540458
-0.0008883496422000795,2.4940982426942826,0.0014536985780929659,-0.017024131104161573,-0.1789163770116133,-0.000012713824361429613,0.14147704056266208
0.0012086988842793093,2.49400152591268,0.0012576503227646,-0.008950722169136272,-0.17086707974487297,-0.0029814709936766552,0.10027444950138278
0.00022475259051638454,2.493173680238056,0.0011369646984487375,-0.016504078961007213,-0.17825780521385498,-0.0017266916659015655,0.11910872852073506
-0.0009123585515866106,2.4952182203353193,0.0010479327954110976,-0.017179845535627538,-0.17779764599349532,-0.0012886783014442065,0.1422341187125396
0.002136006593670004,2.4945904341148326,0.0016248660390740183,0.046942976293458644,-0.16646205160366578,0.051738381040518554,0.08423929632912577
0.0013291670096861705,2.492299753594023,0.001612292917632193,-0.015441940012435092,-0.177687496209979,-0.0002910843176041258,0.0981446177397762
0.00019245091613725936,2.4930067195204164,0.001609890875708099,-0.017530369057760363,-0.17939859979711598,-0.00004418568829790975,0.11985270991230672
-0.0009879767688202885,2.4941309385564,0.0016087639556682256,-0.017776362222048623,-0.1796526033698119,-0.000027468994245999257,0.1439303547401668
0.0010881604542289744,2.494132390370226,0.0014446790937233756,-0.009008254527685833,-0.17083903576406875,-0.002476480954457193,0.1028588823457785
0.00012078167255506072,2.4933515201336296,0.001380140051098445,-0.01580765003328558,-0.1776826555951584,-0.00002219774048763133,0.12265676215670951
-0.0009815702801823103,2.49533660788467,0.001379696153017928,-0.016744185656080865,-0.1786487821469561,0.0000019503012532634742,0.14516773467341199
0.0012489460425399973,2.49319242630459,0.0011091976378969305,-0.010864209630781375,-0.17652412325149483,-0.002809195944717592,0.10423564121204473
0.0002422519086623928,2.4933231581345057,0.0010308775838742635,-0.015652925681314503,-0.17686286883970037,-0.0006973128224292969,0.12358086364346528
-0.000790502237931398,2.495769238016015,0.0009614436434876799,-0.014393930501827336,-0.17402837067276128,-0.0022699306046560512,0.14455909517974252
0.0014948261330344195,2.493219009418822,0.0005729302604786797,-0.010758626539001347,-0.17041427493976127,-0.002243285912886552,0.10247466431127143
0.0006508309905686376,2.4931656787139733,0.0005197488891415264,-0.013484389063113767,-0.1752626497317597,-0.0008605970043506133,0.11824959159462048
-0.00024784409737794994,2.495434002578797,0.000449740000873988,-0.012437116093236472,-0.17207476252943116,-0.0022631714596611577,0.1361129576340599
-0.00006498298105980696,2.4969280995475476,0.00008186891212527437,0.045792196726234996,-0.23439667869001732,-0.01199712754705989,0.13246009486228186
0.000824909286972024,2.49528280529527,0.0013316383596680404,0.011837728244447033,-0.16937982001866522,0.019427242062177563,0.11492379951874353
0.0003849276119531732,2.4936168399714886,0.0016647614739479155,-0.014852894393500727,-0.176737096275014,-0.00003084895258696041,0.123462902593706
-0.0007286815813882532,2.495313496975648,0.001664767548927133,-0.01718586974415509,-0.17915949465708414,0.00007016604813144722,0.14597383161955715
0.0014497291856024677,2.4931796131012725,0.0014570772365041559,-0.012187306976041734,-0.1759337177025919,-0.0020271670199296576,0.10469458586945969
0.00041621652804576745,2.4932723628402313,0.0014220471853599239,-0.01603240872041414,-0.17788151547026734,-0.00004976048404972967,0.12431598116115998
-0.000677869134233088,2.495334754717928,0.0014213089183300613,-0.016542143056326043,-0.17842474938302885,-0.00002076949505310105,0.1464029246701018
0.0014586557141149127,2.4931897068971454,0.0011215188265606135,-0.013455250377977856,-0.1752646267843262,-0.003941546468289383,0.10456304601569756
0.00032808036886107327,2.4933343379567714,0.0008592401842441216,-0.01804333836620224,-0.17650397887203068,-0.0034525779702691026,0.12743235740587314
-0.0008056662690993674,2.4961347420461664,0.0005530571371082243,-0.015614940907254082,-0.17146193200507423,-0.006074007701101914,0.15035039331327882
0.0023672012860724246,2.49339292150855,0.0009741767912937394,-0.0047987389522364836,-0.16659689092866162,-0.00016086828989781088,0.09063191787861151
0.0016270102138205397,2.4926616860576405,0.0008395073896796849,-0.012421115590444077,-0.1761773480712532,-0.0020310960029697204,0.10313541108407027
0.0007152154715064043,2.4931302109118105,0.0007779710315442149,-0.014167261251672955,-0.17552783397007302,-0.0005375419761647082,0.12004425653850681
-0.00021888758991743822,2.4954709419604324,0.0007163194522339166,-0.012940349400359936,-0.1726889981871311,-0.0021532755401685276,0.13850039121458801
0.0003908610355034029,2.4961636186703826,0.0007524110963022841,0.015310602229572388,-0.16538153617156046,0.01892228957704912,0.12638589244512954
0.000880951407329876,2.494249307590787,0.001764711389173006,-0.009458415653571453,-0.17147401115148359,0.00030801441205415963,0.11690043443993703
-0.0001410510623537404,2.493863819835046,0.001744606566201021,-0.01698591300626821,-0.17853164799001006,-0.0003480618189937874,0.1369349341316985
0.0018038800800332768,2.495291488921505,0.0015993596201345375,0.10799462367665257,-0.2886021988976204,-0.004281491731135228,0.10012630919851527
0.0009552805044752415,2.4930677627149804,0.0014796764788852414,-0.015344777220014871,-0.17662831022905173,-0.0006128878942307252,0.11695486292496537
-0.00011330132970410137,2.49382495787926,0.0014735260326546123,-0.016284190894523137,-0.17817683945618865,-0.000009597994393425463,0.13787226289275442
0.0019161709353771044,2.495242809179431,0.0012505722692077196,0.10821936977305248,-0.2885945683433744,-0.006047342272913661,0.09966742593994793
0.00116934369908689,2.493034755213253,0.0011502624768071435,-0.013597953489587021,-0.17527754132457016,-0.00019900692150680874,0.11483129945329335
0.00017418110961153272,2.4936911853627155,0.0011236837515787245,-0.015183514194860014,-0.1768409597969101,-0.0002429765636173387,0.13399166531797022
0.00022729360060117572,2.4968445079564012,0.0009074904643829977,0.045354790081731926,-0.23505584521569858,-0.008276318360513388,0.1329767778022812
0.0025260801620676718,2.4924891137205925,0.0015956134123755446,-0.010859350355293545,-0.17307379646471857,-0.000671771005223601,0.09141962730661495
0.0015709575881056078,2.492471826482553,0.0015020490549110335,-0.01540248211931072,-0.17741472986211712,-0.0005990246367493074,0.10753908934126033
0.0004983655851434899,2.493283438220942,0.0014978829917918965,-0.016322122492297145,-0.1782109847196591,-0.000011354463461075917,0.12770698643641495
-0.00057314573558457,2.495840347080154,0.0014685018237283595,-0.01494606594164766,-0.17516493688118293,-0.0016856359725559839,0.1491825840483654
0.001687681129068642,2.493297412804146,0.0011837036010428543,-0.01089790457184036,-0.1727610339333887,-0.0016061598257110198,0.10748888094218903
0.0007577269171171984,2.4932700414346756,0.0011388505443246922,-0.014866034407043337,-0.1767387332571936,-0.0005359383041949984,0.12475684055989142
-0.00023183792168295797,2.495650195365423,0.0010864174175387934,-0.013795390532433586,-0.17371472355944179,-0.001984835157748383,0.14430914405711773
0.002888654168062334,2.494456253016331,0.0015901515273408144,0.046786187170539964,-0.16559849980509686,0.050728785458889925,0.08796718369165822
0.002157845016281702,2.492336093693151,0.0015128519269915041,-0.013914437850476314,-0.17770704106503046,-0.0019497231297280868,0.09944179708210976
0.001138542598815271,2.492812393019936,0.0014726101882755632,-0.015840597237472803,-0.1776459846270893,-0.00008837530967228515,0.1176036919101056
0.00006334623683175705,2.493791952176592,0.001471311684227742,-0.01623905787931417,-0.17811481677701443,-0.000026161944319193007,0.1384608778519674
0.002095988164815231,2.495223567054708,0.0012312309149814685,0.10823044995793676,-0.28857765574459127,-0.006574426801810212,0.10059292225422867
0.0013930452187679281,2.493000414861605,0.0011417819465440954,-0.01324441944774722,-0.17504516751812302,-0.00018675926560266553,0.11500427739732828
0.0004313289992887513,2.493626537927611,0.001135764839839445,-0.014868821071818913,-0.17663316197852794,-0.00014756006309131223,0.1333052497154715
0.0004563937526804659,2.496769529408181,0.0009564817682222211,0.045142915553177135,-0.2358349950413172,-0.008381345661427474,0.132852897123598
0.0018151161824820853,2.4930218024748694,0.000646994137293547,-0.011595733192442581,-0.17246044079098247,-0.0017561814082845736,0.11030893214804394
0.0009674921392496632,2.4933550850178987,0.0005896418603137069,-0.01310935995474116,-0.1743932100511649,-0.0006147328237892416,0.12589422947428427
0.00014014881361183138,2.4957580960028674,0.00048191813529335797,-0.01124626827810884,-0.1701715831742417,-0.002977236962724609,0.14202426532194568
0.0003617871943197851,2.497016834125856,0.00007868683848092243,0.0459830932709876,-0.23430650346804927,-0.01331327031007463,0.13768046003099296
0.0012405254899027014,2.495396438193934,0.0012633579964717629,0.011712157400043903,-0.16848032983017588,0.018404877763858744,0.12078443733413223
0.0012127308249183278,2.493667665705616,0.0018960777246974285,-0.01313712460352627,-0.17495048992794282,-0.00013807108663115705,0.12129653218407968
0.0001346215332924686,2.4939337757743854,0.0018895527940174064,-0.01700621495956203,-0.1789004230749844,-0.000012056500787515976,0.1421359853512048
0.002088194477859226,2.495422398227369,0.0017554133985356254,0.10811562782249279,-0.28871899837664955,-0.00418299160846673,0.10566724522769678
0.001239147359806134,2.4931970729883672,0.0016384592959561672,-0.01535340528582688,-0.1766787464453136,-0.000572553520351558,0.12225270353975354
0.00016796878830613353,2.4939542283798324,0.001633609822072795,-0.016349001224302967,-0.17824206278432322,-0.00001149851713159855,0.1429600059778009
0.002295745213465586,2.4937973471140293,0.0013889466787329176,-0.008215792491798275,-0.17087567023214356,-0.003553722303290425,0.10460588621878233
0.0013301108095377355,2.4930081710580128,0.0012653302162612583,-0.016945052066575938,-0.176293473017155,-0.002558772197525039,0.12163176215850803
0.00017993004059635605,2.4950512861595704,0.0011094923758194692,-0.017272587458941436,-0.17680120270152616,-0.002384983960802061,0.1437633832247553
0.002187182688507402,2.4954256873277183,0.0006238447462245939,0.10706940963646751,-0.28727819115192493,-0.01045736246015394,0.10646907309516424
0.0024926757657351725,2.4925212833713037,0.0014139198273823517,-0.01212349532441832,-0.17543040585516492,-0.00148924980155008,0.10136681799104219
0.0015536162646508373,2.4927908905126896,0.0013642654179435634,-0.014812857878647796,-0.1766156000860748,-0.00008837933785451466,0.11759230500918398
0.0005369932243332824,2.493673709482722,0.00136277503880759,-0.015396830315390835,-0.17727618213687615,-0.00002263768500652509,0.13681749003932114
0.0005379776219286839,2.4968982491598313,0.0012088317235031964,0.045029328795712184,-0.23588750946919715,-0.007383312179307438,0.13683753823827197
0.002822864364694609,2.4925144923754483,0.0019337864037558858,-0.011431663184346292,-0.173208180725,-0.00017469129728730793,0.09625139900588363
0.001803971086241718,2.492473498045206,0.001894266150782142,-0.016460559214412678,-0.17831873816291832,-0.00008418180489992373,0.11319899957900409
0.0006623995303205359,2.493429455195384,0.0018923883070780597,-0.017306135778099474,-0.17919157674508535,-0.000016837216301308053,0.13447264892310848
0.0005185669112502725,2.4968667968991674,0.0018222282536747376,0.04357250068489381,-0.23766965693661746,-0.004109030544626758,0.13730099578564067
0.0017262204431144656,2.493074165307834,0.001638480638266094,-0.014695729942867289,-0.17522271938050218,-0.0013696984661255042,0.11599012724739109
0.000675091544522563,2.4935949867037905,0.001612175530217939,-0.01608545166089341,-0.17783336337789432,-0.0001543518780084433,0.1356909895468835
0.0006344890351181881,2.496864092626354,0.001477545728402044,0.04475249151540917,-0.23583181465258327,-0.006094319779778923,0.13651972097892784
0.0019366691787884624,2.49307118864758,0.001270073340011317,-0.0123274646778258,-0.17365231183051333,-0.000564616931690744,0.11427413486170489
0.0010037191591129346,2.4934506258134013,0.0012622912286692914,-0.01458856782650831,-0.1763915318281513,-0.00009575478487624689,0.13142598085050852
0.00006909605292573507,2.4959830847626496,0.0011813746880015373,-0.012843030495964807,-0.1721978347657949,-0.0025503223024231168,0.149707434512308
0.0033118936950261224,2.4930691426636336,0.0017223336195251358,-0.006164801648526506,-0.1680167409656922,-0.00004607003431254317,0.09233461165471664
0.0024659918914143684,2.4923911369251046,0.0015851018937971968,-0.014067844294455952,-0.1777764630165718,-0.001906596749958667,0.10530877186616805
0.0014417093052571796,2.4929471176725895,0.0015412094419659662,-0.01579467023403943,-0.1774184556354096,-0.00027581625412772956,0.12330036580122784
0.0003756471631654686,2.4939415945055177,0.0015262614378405478,-0.016074894117014127,-0.17773263468276726,-0.0002466255884296555,0.1437158509815148
0.0024130722883321455,2.495353418747038,0.0012515073186875863,0.10818695699760592,-0.2885136841772602,-0.007389104289069607,0.1063002717698415
0.002638416498480624,2.492318310842259,0.002114992923392296,-0.014236005880411073,-0.17617557420149538,-0.00011986257169053263,0.10256943102836112
0.0015227846851682029,2.4927597676949835,0.002110093652177792,-0.017497411216215487,-0.17937279429687072,-0.000012387766422526926,0.12188600105524626
0.00033269588300235443,2.493857611539506,0.0021073657912971337,-0.017943619271883912,-0.17982577984159312,-0.000029629829484873922,0.14464106210758912
0.0022537112044557677,2.4955101793973578,0.0019942076761335055,0.10790255305139543,-0.2885326156992686,-0.0034773542161265405,0.10904315027622419
0.0013987926486797016,2.493271317181614,0.0019049590939872103,-0.01540233395029322,-0.17713820978235714,-0.00016172408748125341,0.12540496621596173
0.00029511997743153517,2.4940359452472456,0.0019032651875069949,-0.01692077168296056,-0.17881597303553068,-0.000011220066167091958,0.14663402196621744
0.0023958881792851216,2.49393013567649,0.0016986382349053226,-0.00890483042585233,-0.17085153263380545,-0.0031517695497653812,0.10810418613351121
0.0014869258014426328,2.4930920196049957,0.0016723586415358517,-0.01566551033930026,-0.17746683181219314,-0.0006695321106229627,0.1240091404952176
0.0003919243906671728,2.49396803382317,0.0016359552353019684,-0.016655910961600507,-0.17802974198620702,-0.0005727831791904355,0.14494774561899745
0.0024001361503025818,2.495424689209124,0.001361189095779957,0.10793174941696759,-0.28825353194899467,-0.007079252765612592,0.10799581801047892
0.002603850240508457,2.4923827048000238,0.0022231049874187367,-0.014533478433061879,-0.1763497472033721,-0.000022294456019584673,0.10455676915803912
0.0014668390274538146,2.492848117061063,0.002220685548200016,-0.017848054770128192,-0.17970827013423818,-0.00007926489289559988,0.12438995900518161
0.00025833087816364036,2.4939694506362025,0.002218788161130098,-0.018221971726197352,-0.18010297303804187,-0.000026326775921532492,0.14760156349615797
0.002322338917522864,2.4940092004867243,0.002089851289565945,-0.009030607956465337,-0.17085115364985104,-0.0019511787099943583,0.10945305819369151
0.0013373702790137345,2.493209540770843,0.0020502037202562427,-0.016397804556960233,-0.17829093755468875,-0.000035024516304044,0.1278364380990076
0.0001910212461634626,2.4941428360641553,0.0020487958524660083,-0.017423530321733303,-0.17932024554440756,-0.000011049706452057134,0.14999830221600927
0.0022767998013385484,2.494096946491397,0.0018718133783310203,-0.009002244873807993,-0.17083625739444136,-0.002682955996885089,0.11131689997116777
0.0012913259697398284,2.4933369836264605,0.0017750886440387574,-0.0160200235937549,-0.17744563720211412,-0.0004775892503548594,0.13025224727947918
0.00019566451248212424,2.4953281355914174,0.0017611284562324702,-0.016581390534861764,-0.17831763128526243,-0.00017105436407180088,0.1514556095297073
0.0024318583481119666,2.4932166642639744,0.0014755737225977516,-0.011257395192602873,-0.17348473392296448,-0.002067853553439899,0.11184477787997152
0.0014797306797981378,2.493211077678133,0.001425605956711334,-0.015489760747393284,-0.17654871245807707,-0.0008420149923025974,0.1286199210720762
0.00045660766619733757,2.4956270954595547,0.0013483822778699078,-0.01426006212939057,-0.17379720530014717,-0.0023710684022749525,0.14817997647237283
0.0035582652170495083,2.494463882450825,0.0018445681807691488,0.04665379063452145,-0.16559785738273608,0.05060944746038636,0.09459471907878654
0.002827343166196418,2.492340476388227,0.0017700816931176778,-0.013937453684905496,-0.1776665740793604,-0.001897708127229467,0.10538617470797644
0.0018052056598997484,2.492821879142419,0.001729680190824,-0.01586840275658981,-0.17766238846778795,-0.00010429528337690467,0.12276367012899865
0.0007298416168873602,2.493804609552553,0.001728559812122466,-0.016238273170829407,-0.1781176330478748,-0.0000243898373295575,0.14292441000129055
0.002762658538051533,2.495236584728267,0.0014888296366924521,0.10823055164715965,-0.2885790656122696,-0.006538124898773086,0.10652224509690378
0.0020600757668071787,2.4930136479346356,0.0014015331304052157,-0.013238896679652687,-0.17503916771980338,-0.00017523141750805659,0.1203292851346792
0.0010985036402570143,2.4936392349402654,0.0013955638780819026,-0.014866149916946497,-0.17663924726313912,-0.00014858983034870957,0.13797033302245043
0.0011267409483083557,2.4967794635774956,0.001219541414810588,0.04518023084882822,-0.23586251595828628,-0.008357919952868192,0.1374790470802322
0.003429971227738259,2.492462039144568,0.0018997623551023982,-0.01083760769705726,-0.17338953600189952,-0.0010575337783708893,0.09838557263703232
0.0024889515135282873,2.492461795238506,0.0017850076164099928,-0.015142513575263724,-0.17748070264406823,-0.0009455182347906957,0.11304998625462442
0.0014244845700001549,2.4932229295866435,0.0017726071320979726,-0.016157306344464207,-0.17800619663678255,-0.00005386270079891552,0.13194447332815953
0.0003375112399243693,2.495350413771092,0.0017679730512417298,-0.016381507382112793,-0.17817868740330975,-0.00010996516310026992,0.15285436000277905
1.2907286324468485,2.4942843695399985,0.0034702059379093635,18.865987726668553,-0.14294051664726798,-0.00810653129158985,0.10598695470146112
2.500287951903736,2.492296631808814,0.0027496011810399937,17.70516310400092,-0.1779644139213135,-0.009888324169002052,0.1430019345427268
3.6329608184976543,2.4928794098500036,0.002042572338512968,16.56698069309534,-0.17856513360241927,-0.010500724066851713,0.18182972603096567
4.691637890754677,2.493935216306774,0.0013709784469402467,15.473497753529799,-0.17892969444007312,-0.009820912765897487,0.21984464545159807
5.680541160913631,2.4929304486260033,-0.00213017816806701,14.42031441182968,-0.175216564825992,-0.049067690687448755,0.17766549853729072
6.599834234661087,2.4929852864272886,-0.005262277871870429,13.414980322946882,-0.18080514441247605,-0.04571185347404033,0.16330302291410984
7.453594715890582,2.494135851207592,-0.008171544381424964,12.446015465494515,-0.1815309145300602,-0.042410594878106875,0.16353370163362127
8.245566895645954,2.4933858209261293,-0.008069146814716625,11.509656363858879,-0.17390852958168396,0.000028980694053825138,0.1377355252730245
8.975551594701003,2.493377744252802,-0.0083402472683023,10.617894303178153,-0.17794252182502046,-0.003952074166181052,0.1706624730094133
9.647448485735534,2.4954318432489377,-0.00938998587668593,9.758985802048736,-0.17846727853935399,-0.05159267085097469,0.19218201701932816
10.264818561513446,2.4927768537730843,-0.012334825842716921,8.933190515074248,-0.17798125972668102,-0.04225571197652217,0.14058831198388141
10.827280668691662,2.4933435089263467,-0.015007486781362505,8.142597681502796,-0.18135254679770285,-0.03881075259761711,0.1353890936445562
11.339577631201507,2.496010900501094,-0.01746441878960733,7.461516995142734,-0.2966899388653878,-0.03590935295526254,0.1069163326790506
11.8030422085065,2.4920124814352542,-0.01987970320873967,6.647713897728965,-0.17925080020990708,-0.03543628393248159,0.006599247917258038
12.216808583929229,2.4920058141924106,-0.022077947441239844,5.945141224806904,-0.17965048093734573,-0.03150719107636113,0.022994123722550594
12.58487846238088,2.4920057985429027,-0.02401766059251824,5.269985117493325,-0.17965066691486958,-0.027656744929234613,0.047637820569664
12.909052037803185,2.492005766602345,-0.025702682031891435,4.621433890346571,-0.1796509809423693,-0.02384895825466592,0.06965399107357027
13.191059092619982,2.4920056986333634,-0.027133787910355707,3.998439796809706,-0.1796516490821154,-0.020032059967151707,0.08921331431077971
13.432561300225094,2.4920055539975605,-0.028307472144061346,3.399996697375354,-0.17965307058197988,-0.016133343143144546,0.10672833849031267
13.635154941737099,2.492005246221451,-0.029214165575310747,2.825138702324962,-0.17965609463382792,-0.012049467379578358,0.1229357967241958
13.800373541377619,2.4920045913072695,-0.029835632831521915,2.2729390652847212,-0.17966252701412344,-0.007632335182748365,0.13918529144368796
13.929664011669054,2.4923798810823383,-0.030333429884733053,1.7413526153011796,-0.17810215033724058,-0.008359535737567517,0.15773914971182343
14.024363322343746,2.4929040311318293,-0.030883717800123917,1.2310386592102294,-0.17704692904399597,-0.00757585795295168,0.17611596067239854
14.085951594152151,2.493846128441734,-0.031263575071614154,0.7418804286983308,-0.17749820927565094,-0.004586197214952564,0.19429697325308523
14.115366551563607,2.493394845413438,-0.03341049765108856,0.26673696009665704,-0.1701575549809156,0.010000064109516234,0.182253598289762
14.118137900727758,2.4930575003788897,-0.033317911501770006,-0.015545652757322375,-0.17728364705608388,-0.001479967096819408,0.19528742688587059
14.117066674160938,2.495051903008855,-0.033386238459293845,-0.016160712388577494,-0.17695917181098803,-0.0010374033197247958,0.20885629410335116
14.119129724648943,2.495337811217307,-0.03378796901268719,0.1076305614350487,-0.28810232284123877,-0.009161055782034199,0.18455989075003087
14.119419324584136,2.492407276092038,-0.03297442789221583,-0.012839057233139892,-0.1761077051468818,-0.0013519375652853618,0.18190955908731338
14.118426958017116,2.4927115762690626,-0.0330109072801487,-0.0156157735978668,-0.17750100280609934,0.000049102954448536826,0.19181951239711392
14.117353674149015,2.4936575942145023,-0.033007457516298,-0.016240026768857115,-0.17812172523068,0.00005430693027750433,0.20484727451762313
14.117308254266039,2.496980240308151,-0.0331380304612875,0.044713014611413394,-0.2358467557212248,-0.006232311365699097,0.20545522295359125
14.118627833755133,2.4931745291661813,-0.033341323793030786,-0.012090390889308458,-0.17371318805653777,-0.00022518109688284606,0.18963046224168553
14.117661716948287,2.4935637314024754,-0.03337977647027819,-0.015030152521427502,-0.17644532331244223,-0.000417753455484973,0.20107715526292233
14.116711747326471,2.496125151153336,-0.03347583213250956,-0.013085267112577625,-0.17214460383440616,-0.0027813333603070945,0.2139819483799406
14.119950878645948,2.493226229641692,-0.0329588612741301,-0.006051150814422374,-0.16790139167622958,-0.000023832392936763674,0.17722952459308378
14.11909872633405,2.4924539828967727,-0.03304332868201202,-0.01433869778066851,-0.17737932102291096,-0.0012026794390554844,0.1847617540735942
14.118069646801073,2.493089141613539,-0.033054708020620584,-0.0157405346745382,-0.1776287622990088,0.0000535922880519488,0.19605905411772873
14.117005953535905,2.4951727143371256,-0.03305204092893084,-0.01604359719952701,-0.17789177985404692,0.000010504043331939788,0.2098889589426383
14.119220057216593,2.493880147735191,-0.033378857003425966,-0.005735455062566281,-0.1720558536158273,-0.0038033104942163734,0.1834889160590179
14.118399360004043,2.493105258780555,-0.033412186161519204,-0.013472328094104508,-0.1753758264928804,0.00006595400350449868,0.19229209916003168
14.117439541958657,2.4949171055695594,-0.03342145580034579,-0.01466046918747364,-0.1763384342121567,-0.0001617718062116965,0.20431155395849124
14.118030373769786,2.496056891203281,-0.03331669238636457,0.015652125539037474,-0.16618895011022633,0.019929093335455915,0.1967219954793075
14.118516526335664,2.494116821684527,-0.032250641922701814,-0.01054981500302449,-0.17255390411523222,0.0002906866928640365,0.19095422485358995
14.117404773212085,2.493794514066141,-0.032251297516942126,-0.01781064545566688,-0.1797114773209706,0.00005100957622784802,0.20497086460118483
14.117205307923001,2.4971998434130427,-0.032282098075722326,0.043222322178009864,-0.2375797936343875,-0.0020893359449378115,0.20770283726622266
14.118374199652745,2.4933554792659627,-0.032390690918527955,-0.015138068206979905,-0.17847452826232452,-0.0013133145065180197,0.19287365598961023
14.1172185068758,2.4939322307227103,-0.03239731110459462,-0.01782552408881017,-0.17972797846140665,0.000035446141954049887,0.20766864582489322
14.119139014428116,2.4955303519135668,-0.0324981174670085,0.10788640028412647,-0.2885723485862208,-0.003212137091571149,0.18450269409018977
14.118250724657935,2.4932712785407967,-0.032588238179169955,-0.016515414014860896,-0.17748313550016978,-0.0008547546392345767,0.1946006109313247
14.117108879986839,2.4941116574221063,-0.0326104362264672,-0.017316853086407707,-0.17893197846475584,-0.00021930318918865496,0.2095856520996056
14.119191201024803,2.494042910636998,-0.03283259520660661,-0.009159151049811909,-0.17081093704992112,-0.0030961120425816117,0.18402766145504706
14.118235859507449,2.4932921040508953,-0.03292883579796108,-0.015685834557101,-0.17685860229827405,-0.0006609573749303016,0.19514114050976755
14.117164307987816,2.4952632572914815,-0.03295754277722793,-0.016207439182569505,-0.1776330941478643,-0.0004115173660094619,0.20934027172404143
14.120253346581373,2.4945615563679158,-0.032353827249156815,0.04765002881603271,-0.16653448560701395,0.052127113302446675,0.17436593425585323
14.119436526433793,2.492274661687322,-0.0323680997663995,-0.01553562857254129,-0.17786046721599383,-0.0003057307675617804,0.1815025927073272
14.118292449518766,2.4929812085606633,-0.03236657832937501,-0.017596381742702175,-0.17948650367319735,0.00005882810103226654,0.19409148895048173
14.117105434937676,2.494111173024574,-0.03236262903300046,-0.017874088522700934,-0.179759286230545,0.00005130881609234159,0.2098328827813803
14.119178340905606,2.4941217731848666,-0.032527127191690604,-0.009025150192593695,-0.17084249671084956,-0.002324383024242708,0.18404521543719507
14.118208745557414,2.493336239001108,-0.032579459050578685,-0.015939050730124884,-0.17783236025352103,0.000024964582732026157,0.1952608585117057
14.117096474728108,2.4953288989830407,-0.032575975022009304,-0.016889411001785096,-0.1787965881986491,0.00007035950828996133,0.21022947852197457
14.119288148171785,2.4932491695897916,-0.03281346659316433,-0.011559582460586436,-0.17265127821396048,-0.000899985108206127,0.18288058197848267
14.118321292968323,2.493201972980932,-0.03282477422081703,-0.015701152427808347,-0.17732160149686813,-0.00021452262906885682,0.1938106272002417
14.11724220703639,2.4952270427511523,-0.03284069913183186,-0.016346563565407996,-0.17789979931100178,-0.0002730219567067874,0.20811535193590183
14.119440411262723,2.4939521350275933,-0.03318236912662037,-0.006018686146175517,-0.1719782235377938,-0.004199935534503914,0.18124165710506288
14.118610547270666,2.4931755741017696,-0.03323019581618937,-0.01381537817761346,-0.17566665587721358,-0.0004642981061620721,0.19043079340026497
14.117653455272157,2.494999125134825,-0.03324187356678602,-0.014556635129589037,-0.1762551028339822,-0.00014310469202989922,0.20272919009279536
14.119795813871532,2.495142372861646,-0.03364576964853624,0.10850436169899669,-0.28873886170461077,-0.010507509113377538,0.1777811778180389
14.120112455898294,2.4923641138230845,-0.03288610411871659,-0.012032386166776753,-0.17662759160747268,-0.002716156517313484,0.17496864650206495
14.119195759086127,2.4926265108623142,-0.033014172926642396,-0.014621007932719764,-0.17653449972518576,-0.0010740814911180878,0.18381341150914213
14.11817287011355,2.4933827900415286,-0.033044834216976814,-0.015514789482213515,-0.17697829024706468,-0.0003741279795206757,0.195880878290439
14.117155887114357,2.4958730173922574,-0.03310122597058133,-0.014140131697581994,-0.1738650884016185,-0.0021155006770842673,0.2097910564276912
14.120380182561219,2.4931668464100682,-0.032545478263547194,-0.006576304448886761,-0.1684283900009649,-0.00001912694736817969,0.17278876054751888
14.119484393281109,2.492380733073101,-0.032613088662304834,-0.0150387406973146,-0.1778086024820216,-0.0008483669567397063,0.18084559843774525
14.118407544444086,2.493086215515471,-0.03261291922958064,-0.01651050795882043,-0.17839894040751988,0.00005663475317862804,0.192974982445984
14.117294221273644,2.495233404377126,-0.032609819645791044,-0.016776372869751956,-0.1786348017736503,0.000022095574583552014,0.20786063372206837
14.119500706719075,2.4931773639455956,-0.032883004710783224,-0.011685586588810767,-0.1721922520767705,-0.0013356570012231525,0.18049385815418395
14.11854889654804,2.493145883098986,-0.03290083951341999,-0.015275087828622169,-0.17694731639513384,-0.00015997136728757526,0.19122186183294834
14.11751127433119,2.495137087081346,-0.032903544991307064,-0.015697092749228363,-0.17750371828884715,-0.0000325469431213801,0.20491556593202537
14.119738616503266,2.4938103922105155,-0.033261592504296285,-0.005459237076107115,-0.1721449470620324,-0.004408340212633175,0.17800960521336026
14.11891922307594,2.493038564471626,-0.0333269763171426,-0.013723442717556105,-0.17557633437746534,-0.0009688454514214055,0.18688910143764315
14.117961572910934,2.494862759817815,-0.03336553685688992,-0.014509091448986967,-0.17576255447112082,-0.0005889155689675192,0.19902462208916147
14.118095151677904,2.4968514616976054,-0.03368951609411634,0.04555483979001884,-0.2345471807325612,-0.010935517184523028,0.19724981687307436
14.118997963413024,2.4951842293043844,-0.03238008072221156,0.011993919536775585,-0.17029466350488964,0.02037301257532128,0.1859887613663271
14.118114877075147,2.493764367445179,-0.03237335752196957,-0.015855467699159704,-0.17775065910298332,0.000039897970336511974,0.19698873750733445
14.118001798220481,2.4968681935590196,-0.032437144785211425,0.04378809323292982,-0.23763529205481332,-0.004069159984110833,0.19850234587386578
14.119204554287304,2.4930757839112614,-0.03261446074603504,-0.014783134459747225,-0.17543480540716963,-0.0011758393180362745,0.1835450894824297
14.118147004758558,2.4935989519425323,-0.03262678525076752,-0.016198908623702542,-0.17809030041521637,0.00005436149181710331,0.1966854450882893
14.11809780354316,2.4968866933451066,-0.03274802306019232,0.04471438265460329,-0.23587071040633992,-0.005830901407481094,0.19736275069749531
14.11939751959917,2.493076106660192,-0.032942846861477505,-0.01254090317540652,-0.17408795722885423,-0.0003725874227048487,0.18153905623574207
14.118433010540736,2.493475503300351,-0.03295046449495129,-0.015203504008584176,-0.17689599934236475,-0.000207336258901538,0.19325884341886318
14.11746948362823,2.4960478951530654,-0.03302910669487845,-0.013262197402354821,-0.17257083675920573,-0.0025336163255550315,0.2066698073031456
14.120704512927865,2.4931480770960732,-0.03247225059866436,-0.006573812540329931,-0.16842635469506803,-0.000018598345747810035,0.16899420325532863
14.119810387068704,2.492374127046544,-0.032547208081338444,-0.014986553529869941,-0.17785268574025473,-0.0009460817929526217,0.1771539070772048
14.118737055873003,2.4930661928668063,-0.03254918407802672,-0.016466061839299783,-0.17835412566560827,0.000055631345039323735,0.18941086685230374
14.11762608668112,2.4952080878758367,-0.03254612618806184,-0.016742724427852712,-0.17860298635663727,0.00002269737930405408,0.20445094979250059
14.119806610458342,2.4939791226209067,-0.03281980146388529,-0.006652377147937796,-0.17170550153378653,-0.0030651511264716096,0.17719043443152543
14.118894880167502,2.4932035054692894,-0.03289853453960818,-0.015133114288923916,-0.17626863932858816,-0.0007015006670931251,0.18761115549131488
14.117833481862306,2.4951337053345926,-0.03295644631860258,-0.016151891083926118,-0.17708064120844366,-0.000910683835515788,0.20180689121580075
14.120911853902635,2.4944336925128083,-0.03244578335815586,0.04690388742979524,-0.16585038716870115,0.05071227356937224,0.16716382108495417
14.120159313588278,2.492301460730051,-0.03251223533622006,-0.014269978529171551,-0.17790615251032302,-0.001715469375468633,0.1736707431598427
14.11911461283651,2.492810641047726,-0.03253945220670115,-0.016171671405265705,-0.17806024835702405,0.00005257377643328587,0.18497674333313302
14.118014105928362,2.4938218876037035,-0.032535973517677653,-0.016611518436037625,-0.1784951270815165,0.000045582535003895276,0.19931534773825213
14.12003005530752,2.4952950406858925,-0.03276316363471239,0.10811444107803982,-0.288490058328688,-0.00634757823738076,0.1749484073718549
14.119284830342057,2.493070838029219,-0.03286153401818884,-0.013788605129269688,-0.17544397142192683,-0.00014737178442842126,0.18306482552619513
14.118245442682781,2.4937593942123057,-0.0329217723524784,-0.015839992967977036,-0.17695373554411986,-0.0007252361642753931,0.19639296787339938
14.120285377220046,2.495110964146748,-0.03326680373689975,0.10803101885722259,-0.28838994107499993,-0.009249422187489618,0.1723658928096937
14.119626648758238,2.4929765914722455,-0.03343826748901419,-0.01220188271163124,-0.17379670020362434,-0.001146640180068765,0.17916908732689327
14.118754498912642,2.49351551500353,-0.033471496133627855,-0.013318024178850852,-0.1747458469410106,-0.00041659585391943393,0.18988623163822343
14.117957686755854,2.4959911284890532,-0.03361210906160134,-0.01109861331032103,-0.16977076579806483,-0.003174706325571338,0.20092066727574573
14.118608907201804,2.496365668721464,-0.03365862888735919,0.015044150598004293,-0.1641416443368515,0.01729083801705466,0.19183872861993748
14.119432257121034,2.495134659262225,-0.03241942348360991,0.011042261761992021,-0.16997650048057877,0.019105381533722585,0.18144298912438409
14.118951828998636,2.4935174374302393,-0.03209333802780292,-0.015412322544912942,-0.1772879644984486,-0.00005166292315184836,0.18734809510968245
14.117801256368256,2.494176016502001,-0.032093759599315215,-0.01784827884220144,-0.1796961892428333,-0.000043380403695112584,0.20322345450907137
14.119869197614298,2.4941355358999635,-0.03222137791792588,-0.00893022714396657,-0.17085283841624832,-0.0020641720359370003,0.17605673361422844
14.118858512670757,2.4933318812057,-0.032283446376494475,-0.016725985041277588,-0.178187812566544,-0.0003603466196061203,0.1881780552124056
14.11768112301838,2.495376892322813,-0.03233199786815973,-0.017811943684650614,-0.1790197034964379,-0.0006291268934653964,0.20466420039488434
14.119846422382459,2.493327170202682,-0.03258741984491102,-0.011990356653386143,-0.173887416835832,-0.0018700261652112398,0.17624753740684382
14.118865320503051,2.4933098610426345,-0.03260636329281281,-0.01621950935395523,-0.17768287353819645,-0.0006286907726814299,0.18800353925026037
14.117794753577659,2.4957706527316725,-0.0326667988388874,-0.014970970948793901,-0.1746945942275207,-0.0021162202509370713,0.20294070939175426
14.12000783300052,2.493259593914296,-0.03301011957396385,-0.011770777266202865,-0.1711172117591905,-0.0024893729980302462,0.1744612755776669
14.119100073487738,2.4932426395976837,-0.03306202165708333,-0.014153288362136519,-0.17565035489191097,-0.0003451584978067751,0.18515565967179948
14.118162494689223,2.4955608414052097,-0.03310685891693549,-0.01302035412804479,-0.1729803811523508,-0.0018844191125029853,0.19789406021898806
14.120320760085576,2.4952614443002776,-0.033557259900669344,0.10840795971836022,-0.2885871506315804,-0.011219175434880031,0.1712143088158065
14.120657770169514,2.492463895588123,-0.032798512906751176,-0.011596810702817635,-0.17598335025302703,-0.0025158381920830286,0.16798238297470805
14.119766804836846,2.492708637594405,-0.03291972316181079,-0.01423168442541217,-0.17602673142980188,-0.000996035994058933,0.17715077329926002
14.118773365594937,2.4934544235908325,-0.03295072082320214,-0.0150712374236227,-0.17651405658025668,-0.000398387687640129,0.18945466500860303
14.117822820118002,2.496051155792592,-0.03304768054253755,-0.013037593136196578,-0.17203594965561764,-0.002845699043696882,0.20292229104668236
14.121063136652824,2.49315254404811,-0.03253635809065787,-0.005929143574480228,-0.16777431658206127,-0.00004005654949960763,0.16447372449781023
14.120232531923792,2.492445091586691,-0.03265954607643542,-0.013881779225137702,-0.17743682770695868,-0.0017302307638307362,0.17212861408330063
14.11922276143201,2.4930022998022805,-0.03269448170469589,-0.01554432203581765,-0.1772000953700726,-0.00018252327478482513,0.18366865221762782
14.11817350228328,2.495056996055461,-0.03270441499693946,-0.01582548075055452,-0.1774882982384409,-0.00017841471049475472,0.19782226228527192
14.120399416077143,2.4937394410462534,-0.03306227568505141,-0.005255709585617708,-0.17225345090988192,-0.004051531058284458,0.1703921554883633
14.119576915289173,2.4929726012431326,-0.033134362371298916,-0.013795773011556751,-0.1755700839357715,-0.001225561976099811,0.17962421317368119
14.118616422155494,2.494808280357996,-0.03318532630983487,-0.01454312957492437,-0.17562036970587436,-0.0007663110086420242,0.19211105934021333
14.117789305921749,2.496336256211389,-0.03339949868949582,-0.012016132311913447,-0.17006334252783592,-0.0037990226515056858,0.2041540553458134
14.121045605603952,2.493330973177146,-0.03300801961079893,-0.004499352042503445,-0.16627202146139064,-0.00015773997059734265,0.1644247183432429
14.120345840411295,2.4926658542379725,-0.033174824788060726,-0.011691265951279343,-0.17609042903422895,-0.00256004915632394,0.17102594081864828
14.119483373510914,2.493046477053638,-0.03327192794851126,-0.013656257211088834,-0.17465828288210616,-0.0008405189912000627,0.18078351786108418
14.11855166594994,2.4948997084903715,-0.033322183923561184,-0.014094305781984588,-0.1751466001311173,-0.0007924067653093851,0.19304884225418412
14.117753672866716,2.4963986697586855,-0.03353928922208311,-0.011586286842540578,-0.16958037062808462,-0.003853076757825822,0.20473823290142673
14.119205415256658,2.4956672066403303,-0.032833210869624666,0.012715667749602802,-0.16797632839289608,0.018784361927002675,0.18428360290144571
14.119216822076687,2.493869630404684,-0.03218398878174124,-0.012829986671049752,-0.17468078120819838,-0.00002998212156798066,0.18412945266250616
14.11815644975902,2.4941111337102972,-0.03218238188371936,-0.01680955791714958,-0.17871608683043128,0.00002766990432195612,0.1987143500067494
14.120254730315986,2.49394909620707,-0.032381718680865056,-0.00915951230292516,-0.17081216285241438,-0.002847818442948687,0.17189588828735214
14.119296703424435,2.4931879614126307,-0.032461405926613035,-0.01570490542243051,-0.17715210810504234,-0.0003897413453984896,0.18350679906869427
14.11822267051607,2.4951587464537184,-0.032469978233682785,-0.016254694305941862,-0.17800357745255133,-0.00009158060124940894,0.19830428734247763
14.120418195110602,2.493881489632836,-0.032786393226438226,-0.00642972202267539,-0.17165704914237775,-0.0039498715074636195,0.17056767362315042
14.119571858844012,2.4931068451325284,-0.03283265599432092,-0.01406673464638699,-0.1759038798085117,-0.0004661821598787898,0.1803351943458968
14.118599232655562,2.4949474661847444,-0.032840938916100765,-0.014775398349656119,-0.17653376742099716,-0.00008515694789189114,0.19335953563395133
14.120733186299123,2.4951127333049814,-0.03322545641887764,0.10847676785601355,-0.2887171659683675,-0.009960509701293186,0.16735835802998814
14.121033610151523,2.4923165934363847,-0.03245539611978647,-0.01242177434532307,-0.17690187492162815,-0.0025988072731538566,0.16454373063748812
14.120086294448724,2.49258435159749,-0.03257094431286685,-0.015121619755822388,-0.17679508759788076,-0.0008343583877506343,0.17422907336400104
14.11903875603033,2.493394497295849,-0.032593333705528145,-0.015868398482645277,-0.17745119119874672,-0.000257243526426005,0.18729803666312153
14.117998666374444,2.495916620136544,-0.03264147309589706,-0.014480714288679626,-0.17433437342882735,-0.0019893958397701663,0.20226234973306847
14.121214951096826,2.4932188004230946,-0.032043727490956436,-0.0071293341194618495,-0.16897780196454465,-0.00002492731007112974,0.16296431530479155
14.120265817074904,2.492345547147018,-0.0320655740301468,-0.016054923942789713,-0.17797782717268737,0.000013384555418519424,0.17226117938268687
14.119125393018939,2.493206548446168,-0.03206214826528682,-0.017414528381823374,-0.1793056321824022,0.000054445096367711294,0.18618395789790546
14.117954675201881,2.495431908021289,-0.0320591334149141,-0.017623806882087055,-0.1794851854917449,0.00002205555605359828,0.2029927251854379
14.120128662103253,2.493350849376895,-0.032296334567063795,-0.012035492944457628,-0.176215947313496,-0.003103523353432276,0.17359046991359176
14.119093876011037,2.4934356235504356,-0.03233557638425663,-0.016146991960192956,-0.17790891997021774,-0.00006938498326653609,0.18655962357236847
14.118025081634885,2.4959152673218523,-0.03235954242238574,-0.0149550595405914,-0.17522792140357232,-0.0015677176498999049,0.20201430717399807
14.120266114086682,2.4933520882738414,-0.03266188381111912,-0.01134720030694512,-0.17410812106077092,-0.0023141622466786443,0.17198477245757804
14.119331823260948,2.4933595056786806,-0.0326849022044917,-0.014984970252020998,-0.17666295672620497,-0.0002952133224810067,0.1835235605614534
14.118334954024997,2.495738289533169,-0.032731321181665045,-0.013934040628414463,-0.17385774331456214,-0.00191955279712274,0.19766585917030505
14.120624395826335,2.4931639815981255,-0.03314624971843366,-0.010854444424938166,-0.17029747075721396,-0.002408290264288077,0.16800224138598085
14.11979227265034,2.493133328868343,-0.033210243057604054,-0.013099245275708946,-0.17447734861005298,-0.0004669976241497208,0.17780205662341936
14.118922383356601,2.495355633152454,-0.03326288905520633,-0.012026357708229612,-0.1718776257773191,-0.001996134215411509,0.18955435212033964
14.118177831138942,2.496388819161159,-0.03347685541418214,-0.011009161253293667,-0.1692642747565124,-0.003594349702474554,0.20064496731656287
14.11963762002589,2.495624971779549,-0.03278477710790662,0.012774740782269861,-0.16776716937994482,0.01863703192999117,0.17980406250801195
14.119659233445406,2.4938241896819036,-0.032141281776926975,-0.012583725821385653,-0.1744596719745252,-0.00006483212622515712,0.17951609793658804
14.118616613595796,2.494052057270575,-0.03213946543124828,-0.01654194736937321,-0.17844467927144528,0.000029430355891655028,0.19401592274459725
14.120721831131187,2.493865155462443,-0.03235909247808767,-0.009182053403674076,-0.17080699156345375,-0.0031465964248852817,0.16687132485903836
14.119768002691627,2.493116148091036,-0.032457212350757554,-0.01566462150125878,-0.17680689468866306,-0.0006957468834564675,0.1785694614189053
14.118698610552928,2.4950860444439162,-0.032487961026552006,-0.016168766227452464,-0.17757114251997125,-0.00043926320138490025,0.19343815980215592
14.120813825357436,2.4938115179662295,-0.03284925497139722,-0.010853313816770675,-0.17056439691956363,-0.005565822851518968,0.16565466344748778
14.11987631537825,2.493127312102003,-0.033063015694790455,-0.015559437527924214,-0.1748859714128884,-0.0025124146808522393,0.17707690976996607
14.11885008339518,2.495504247625754,-0.033252512693413214,-0.0142664555011233,-0.1720107020991879,-0.004099123008093069,0.19130411607700223
14.118923374697493,2.4971434217510375,-0.03374625680459711,0.04431095229637493,-0.23349290881601034,-0.013782399910700833,0.19025157242119548
14.121287166026603,2.4929704912763304,-0.03325843613337183,-0.007309458351671099,-0.170626016901401,-0.0017879283596166531,0.1611537646879516
14.120628361522824,2.4929344625975736,-0.03346012250985041,-0.010599403508581282,-0.17457263860048536,-0.0027365779141005067,0.16801628023192164
14.11984544135605,2.4932947789993176,-0.033581837306916884,-0.012422494077732585,-0.17296700337529858,-0.0013025285334719431,0.17750721904397568
14.119057915404156,2.495588183765047,-0.03373073818934466,-0.010677076914029592,-0.1689417523447288,-0.0035844507226244853,0.18829721575741576
14.118373113832005,2.4964030596551963,-0.03402320506112453,-0.010165995739399995,-0.1672710542489222,-0.004745972645553513,0.19853432714596625
14.119022309873559,2.4966877465653705,-0.03426677098769981,0.013673279847033485,-0.16181959909499496,0.01360576402438695,0.18884635401324484
14.119777248008742,2.4955499774910317,-0.033296025386405054,0.010177491873502725,-0.16663123695272763,0.01491408994707485,0.17845331734551323
14.120342935616955,2.4948287504684132,-0.03226788444705025,0.00748909595343994,-0.17015826332204886,0.01574824919036624,0.1713982257944151
14.119510373464482,2.493528189363443,-0.03226378949329577,-0.014962278612868803,-0.17684664980237835,-0.000014789676278148497,0.182019182906821
14.118474622230163,2.4957948013134956,-0.03228454551421203,-0.0146121438535861,-0.17500545658001643,-0.0014504240123713863,0.19701591892408046
14.120739445625457,2.493229608778673,-0.032570358620054085,-0.01102010151798821,-0.17231014455352225,-0.0013102713621063577,0.16701669685960624
14.119829770237619,2.4931932684731786,-0.032577600873198186,-0.014592915060668602,-0.17643900894849135,0.000004397566726700469,0.17812845644310601
14.118814866347,2.495147921708271,-0.032587931935304765,-0.015349822400187086,-0.17701147925475733,-0.0001826192212364113,0.19244856871392568
14.12105656224455,2.4937880984016045,-0.032991159873186064,-0.005058800314936992,-0.17228234563725073,-0.00514729231079293,0.1635163314249696
14.120253296386657,2.4930550874768365,-0.03307810817803696,-0.012932538832681152,-0.1742306622375389,-0.0005386564352954255,0.17291522422731045
14.119363300999924,2.4948115470144248,-0.033102874371217055,-0.013524442465949757,-0.17501000732812563,-0.0003626924871224071,0.18491191400824367
14.118599526040045,2.496266382804984,-0.03328834911552778,-0.011099189815374905,-0.16959068016733084,-0.0033585878328709685,0.19631751603750425
14.12006513290667,2.4955102322520393,-0.032568561050115595,0.012872801431499561,-0.16807795434029849,0.019046051592118165,0.1753417746610897
14.120076857040123,2.493703626508863,-0.03190995542446798,-0.012966069496465818,-0.17483222941371251,-0.000013111618685093837,0.17517995264610875
14.11900395547587,2.493953026942005,-0.03190921138249216,-0.016987559526924483,-0.17889107554844996,0.000034971265153454756,0.19017816339995916
14.121100509630732,2.493806606162427,-0.03209447562015726,-0.009008714966431729,-0.17083384505663354,-0.002673417812656315,0.16296945575354083
14.1201220674453,2.4930320751077235,-0.03219651217842597,-0.01598802142636853,-0.17740829205283887,-0.00041059214948913905,0.17447935599350445
14.119029867956842,2.493943921499425,-0.03220531477929816,-0.016521116911052524,-0.17827870012838398,-0.00008507999760492791,0.1898314975400733
14.121175722546122,2.4937996837479774,-0.03247166816761913,-0.0067474245291170055,-0.17170108777166612,-0.0035319115329643046,0.16197550279456407
14.120298590185143,2.4930080256062657,-0.03253897792126186,-0.015075346744851288,-0.1768404734207346,-0.001344297634952176,0.1723792889556863
14.119254058024683,2.493861435795048,-0.03259156639931491,-0.015803569593911614,-0.17688724704186864,-0.0007600790560595431,0.18687397402418798
14.121295823762198,2.4952210566151396,-0.032948360748389534,0.10802270739821253,-0.28836841311163275,-0.009535908893629945,0.16067785882393162
14.121574260540424,2.49233610324812,-0.032144760100382905,-0.012969114715441018,-0.1766562109990375,-0.0018315675016662982,0.15785642526638224
14.120578427613317,2.4926322677195483,-0.03220525426582181,-0.01573874230209735,-0.17743598607707245,-0.00014217075462869192,0.16890928446690087
14.11950286016347,2.493557428181677,-0.03220251506276756,-0.016290347761766567,-0.17818233690659202,0.000050101465748243494,0.18330560754723557
14.11945471558269,2.496884501021029,-0.032330424689469874,0.04470569354260236,-0.23585314122496145,-0.006092523341068753,0.18401820582154294
14.120771949420998,2.493075062314936,-0.032524784905151115,-0.01211852766850933,-0.17398642582047333,-0.00020626933559495122,0.16678046973032198
14.119821845546573,2.493459484053471,-0.03253143164913413,-0.014960332050706468,-0.17663176468385078,-0.0001333875708675944,0.179231232374132
14.118856459170932,2.49602143063917,-0.03262809542388744,-0.013300421170204394,-0.17236899083074247,-0.0027777092406907995,0.19355650419522621
14.122090166683922,2.493128229553871,-0.03209034981564232,-0.006306973925329845,-0.16815914157426598,-0.000022114904064497234,0.15302234670508208
14.121222957079013,2.492396040547481,-0.0321917797772587,-0.014487212469855194,-0.17773798204514352,-0.0013854240925038513,0.16160876340442132
14.12017968960335,2.4930196924687387,-0.032209289013385795,-0.015975696317231426,-0.17783386621541458,0.000017606867948502347,0.17437635394619846
14.11910137008125,2.495116279885762,-0.03220682637319805,-0.016262033204504412,-0.17811879177520445,0.000012942037844980316,0.18984433040097917
14.121305164934629,2.493843217775585,-0.03251787516625329,-0.006028753463170275,-0.17194661014347065,-0.0036673723362691565,0.1607537614533195
14.120473045468742,2.493059144381855,-0.03254735259982874,-0.01376828847730419,-0.175670256569285,0.00005951971282472878,0.1707618118193196
14.119485313364747,2.4938382346210823,-0.032563752922744965,-0.015053702347230769,-0.1766543462353923,-0.00026256471218544193,0.18453810520770628
14.121563870373425,2.4951258615100236,-0.03290511065964947,0.10839266710888121,-0.28873652618065354,-0.009604211287019215,0.15795349478290133
14.120920212707734,2.4930136269096437,-0.0330849718097481,-0.011969920182785235,-0.17360509188294374,-0.0013892900133029836,0.16538589319745395
14.120061276073963,2.4935312362926347,-0.033132718738326884,-0.013138695873104718,-0.17436511292905313,-0.0006226235416189386,0.17678142095616978
14.11927639353198,2.495988869377501,-0.03328762180158676,-0.010917665240501515,-0.16937255563362133,-0.003396276154744692,0.18839095434858505
14.119930847263788,2.4963505026736676,-0.03336435837042152,0.014870015590799871,-0.16371178250189775,0.016692836414438705,0.17865601835554035
14.120745806710154,2.495134202015639,-0.03216796811151034,0.010945471225788466,-0.1693944957935028,0.01843690595094798,0.16759975681774977
14.120299109857182,2.493513197484713,-0.03185367022593696,-0.014771519990539899,-0.17664038280589475,-0.00022310065877013352,0.1735151424905437
14.119202483749463,2.4941303311152607,-0.03185032179175045,-0.016978838953478327,-0.17886891187257303,0.00005520608428239853,0.18957033254944902
14.12129945648769,2.494015298124863,-0.03204692912629412,-0.008971830590332035,-0.17087306794231633,-0.0028593164708811914,0.16080507423369264
14.120332669486015,2.4932099640143877,-0.032145516878372325,-0.015708940530144613,-0.17721281173510786,-0.0006105311052872075,0.17285473745982904
14.119252357949213,2.4951835115586953,-0.032163849763284846,-0.016344444194980542,-0.17794428809025115,-0.00024172562536971105,0.18864481284550308
14.121426214747629,2.493924232497194,-0.03248563350451044,-0.007464733210783504,-0.1708585189081374,-0.004042452772007086,0.15937286125987762
14.120562105011736,2.493173444341205,-0.03255888657885733,-0.013868298429136524,-0.1754285459769731,-0.00028649633573292146,0.17013579159057593
14.119607371313222,2.4950027485319186,-0.032562520321847956,-0.01449165864064603,-0.17630609470636327,-0.000033774585951522246,0.18378143031106287
14.121753930893018,2.4951418366507845,-0.0329571229986448,0.10856793769874012,-0.28879641021806407,-0.010314390190366802,0.15576930630537633
14.122065934242984,2.4923535324395822,-0.03219274167031498,-0.012156946286035116,-0.17668549614116025,-0.002651913370135369,0.15259510927970152
14.121138755363077,2.4926166444525197,-0.03231502738561177,-0.01479507568730003,-0.17659473089182084,-0.0009682641018955768,0.16280041952340754
14.120108309972158,2.493394687283774,-0.032342471186374205,-0.015620998759083338,-0.17713304320315024,-0.00033097651333044745,0.17646501526797334
14.119084399555543,2.4958950462640304,-0.03239590466411744,-0.014242076743021916,-0.17401851153184145,-0.0020703057917915847,0.19196202692738557
14.122293957755693,2.4931913180535465,-0.03184268954376742,-0.006796679015278184,-0.1686254314661555,-0.00008266539659230646,0.1506025941967407
14.12138368027172,2.4923755135839634,-0.03189564774965286,-0.015375021218340145,-0.17785778892602092,-0.0006010538672612304,0.16003594924714293
14.120289090371228,2.4931333168674192,-0.031893664473101484,-0.016776860334899838,-0.17866590633499255,0.00004695491020639791,0.17403614716987692
14.11915907660213,2.4953039920356064,-0.03189111024534447,-0.017022513454666998,-0.17888051294523857,0.000013903428512570416,0.19088100231953725
14.121378188212697,2.4931905190108665,-0.03216279257668601,-0.011049998634266969,-0.17647084178590425,-0.0029092883508539517,0.1603732736012127
14.120351677868792,2.493318836554746,-0.03225322286349599,-0.016103955252523415,-0.17702287433221378,-0.0009248566596682088,0.1738004150198697
14.119290534821454,2.4957984295936844,-0.032338405121892434,-0.014804039210743598,-0.174130493894428,-0.0025197487684850734,0.18976743262672524
14.121562995849537,2.493268530918379,-0.03273576644560656,-0.010841949835986459,-0.1704650879144822,-0.0022346907572673505,0.15829169708883098
14.120714952261023,2.493217608455748,-0.032782266351592114,-0.013363544961414654,-0.17524601816078011,-0.0005576378094374201,0.16914604223899257
14.119823298366486,2.4954825710790383,-0.03283706498314931,-0.012345112063044105,-0.17216258725259012,-0.0020330616984372174,0.18209560400329294
14.120010987648625,2.496970974221453,-0.033193114572893055,0.04585214834302768,-0.23447799984047266,-0.011984585060388518,0.1792752662019734
14.120909244511545,2.495318751002187,-0.03193228919045405,0.011954539493253728,-0.16955031033693055,0.019605985050961578,0.16653641596412583
14.120460897714567,2.493652259412785,-0.03159378973566392,-0.015074769817121185,-0.17695734567337038,0.00002010741877885591,0.1726981052756061
14.119331971994745,2.495364318419911,-0.031590442421385534,-0.017420534392548304,-0.1793904939507129,0.00012635333221470372,0.18980892833531707
14.12150836508727,2.493243028885692,-0.031789229306953305,-0.01208523134051199,-0.17609764215110926,-0.001971150953661545,0.15916452946189624
14.12047048792682,2.493321276173965,-0.031806838019832986,-0.016309761527820474,-0.17820777031639515,0.00003378833962866389,0.17293677596857973
14.119353421374287,2.495401659726871,-0.031803864664652175,-0.016891168773622543,-0.17877879352661125,0.00004219256826349697,0.18998054262595265
14.121546359988043,2.493329528520397,-0.032049451146846986,-0.01144213634508117,-0.17250364648951802,-0.0011422592857342683,0.15864099714943175
14.120593875038155,2.493276943907221,-0.03205276099606181,-0.015508628203330531,-0.17739987154941822,-0.00019428554910795172,0.17115588301359244
14.119532301281716,2.4952837900079734,-0.03205690750825163,-0.016058348622969225,-0.17782176735663122,-0.0000832160852705718,0.1871176967546579
14.122630275259992,2.494577274204296,-0.03145535034657392,0.04739187348191891,-0.1667528849646492,0.05213599562740905,0.14706913419680942
14.121787735765192,2.492266224550427,-0.031460288949994246,-0.015932708941572928,-0.1778776249726484,-0.000015656603713774546,0.15581923958825974
14.120621371397325,2.4930254492205246,-0.0314590126380462,-0.01793140500388945,-0.1798065900988366,0.00004004130984428204,0.17079182544588117
14.11941356850802,2.4941799537623526,-0.03145602814611354,-0.018183391611429543,-0.18005836601990763,0.000037934809359076395,0.189037081958356
14.121477009285979,2.4942176736258093,-0.03157671505899887,-0.008951084944700422,-0.17085347857636687,-0.0019060160313102573,0.15927631269062187
14.120451563315315,2.4934241934852537,-0.03165083825525917,-0.017012684305928182,-0.17823246679180846,-0.000618377392196416,0.17308064414749957
14.119290001424089,2.4954790082233296,-0.03167202530059269,-0.017559377164103135,-0.17913488912570297,-0.0002690736700913399,0.19101124553530857
14.121468997605428,2.4933788875153153,-0.03191408525241545,-0.011576880953816641,-0.17629760650242587,-0.0019199697860016538,0.1600008122057674
14.120443595896521,2.4934879151613107,-0.03196746436158948,-0.015891541076593102,-0.17737481797516413,-0.00035781718043350095,0.17398300765953323
14.119392574401823,2.4959484077306744,-0.03201222496776424,-0.014685015716326133,-0.17463900366410917,-0.0018922196544369546,0.1902675753438138
14.122603550296981,2.493249541956644,-0.03137525157344216,-0.007563742358980095,-0.16940385141632314,-0.00005188012096508372,0.14733471332957984
14.121616263743253,2.49235444918471,-0.0313794954569067,-0.01682610429375331,-0.17869089166160826,0.00002721705478788384,0.15816324337803253
14.120433514032252,2.4932910605028686,-0.03137642408813772,-0.01800672950720172,-0.17989922761557797,0.00005483010786926826,0.17413694169108324
14.119223513258108,2.495566040718736,-0.03137465338983084,-0.01820657108172145,-0.1800568066612373,0.000007119565918724824,0.1930597227542692
14.12138709901018,2.4935271189338946,-0.03154988709820963,-0.012294442933617632,-0.1759820131544951,-0.001861475807161025,0.16118772814195878
14.120332852404594,2.4935904098256314,-0.03155761926250283,-0.01676590478782856,-0.17866222863262946,0.000019207241923576835,0.17590317555519142
14.120201909196572,2.4969025096322106,-0.03162452892397055,0.04366236211173994,-0.2376575473786725,-0.004178982097125802,0.17789002759521214
14.121392459789078,2.493055175613382,-0.03181348445381213,-0.014640215437621996,-0.17801267661110645,-0.0023226756268354015,0.1608306739825664
14.120303582099952,2.4935993282109603,-0.03186830217745941,-0.01663628522729617,-0.17790360732525787,-0.0005765450587005625,0.1760800236059826
14.120230869680677,2.4969187493831915,-0.03202931153456761,0.04437847527771468,-0.2355783978384391,-0.006352781771595163,0.1771797560451838
14.12134296087586,2.4930311704197554,-0.032389082391762504,-0.017256980342869203,-0.17793243467293351,-0.005584290004731647,0.16077233479945377
14.120162349319994,2.494792111720765,-0.032699950347289945,-0.01810234885317587,-0.175578798603818,-0.004365059829950184,0.17737669103617476
14.120085119351064,2.4970625956380217,-0.03326400600543722,0.04291263432173901,-0.23265580578385328,-0.013606477950325444,0.17857172207194172
14.120871803965986,2.4955188685547944,-0.03217135506625436,0.010389675802996585,-0.16850788880856163,0.017007175164689584,0.16702351110707275
14.120809575530231,2.493865335552382,-0.03158701692621644,-0.012917614543980714,-0.17476868837484716,-0.00021024165874224745,0.16790684254904303
14.119756932668619,2.4941256506474545,-0.031585407337173424,-0.01667071217732671,-0.17855582390353703,0.000034553418864221275,0.18371341794058488
14.12187323024057,2.493952035681615,-0.03179109689755806,-0.008326854383637042,-0.17083473443300168,-0.0028158401066714005,0.15415108060139338
14.120910119871517,2.493199539100993,-0.03191423900701046,-0.01639573835164814,-0.17695345745699187,-0.0012836610865427718,0.16696419973924942
14.119795088976112,2.49522309676672,-0.031986007984738066,-0.016822946995680193,-0.1775950379113487,-0.001074272826502904,0.1838510152020371
14.122854848389668,2.494569117967458,-0.03144277230277572,0.046944469201660434,-0.16630010615235985,0.05124661708854444,0.14378249634771065
14.12205777011041,2.4923090396438443,-0.03146059907863228,-0.015239837542590555,-0.17769126425461707,-0.0005483818356364797,0.15217341117222885
14.120940950752754,2.492974349619831,-0.03145930578708334,-0.017246994891163835,-0.17911640331539908,0.00003709740657215422,0.16658253489135966
14.119777364482102,2.494078442837027,-0.03145672254314415,-0.017531819246000058,-0.1794000396173641,0.00002141881549707872,0.18418817420693995
14.121858640298708,2.4940558504778996,-0.031648481498660834,-0.009062943739641918,-0.17085516675177095,-0.0027460585762373174,0.15448657375145164
14.120895621497716,2.493287123222625,-0.031727724216213365,-0.01576371445151768,-0.1773557239408536,-0.00025241728714211435,0.16744599949892514
14.119815945469805,2.495260750503359,-0.03172680434907006,-0.016356465410464493,-0.1782537470729907,0.00004983095882257574,0.1839582500073112
14.122012196435644,2.4939911244859263,-0.032019596611608706,-0.006337182348832877,-0.17183332419013647,-0.0034542340693126147,0.1528646725275308
14.121147703914792,2.4932016243557014,-0.03207685688114245,-0.014637910001113343,-0.17596871844760328,-0.0005139896855937113,0.16421538012190884
14.12012864658273,2.495091266822193,-0.03210746914303697,-0.015426646558807634,-0.17683257171554267,-0.0004430387454790689,0.17951280518547852
14.122370132547799,2.493728244955291,-0.03252673635374834,-0.004785625159787486,-0.17237502161275303,-0.005239861837199699,0.1487071419431376
14.12158534230112,2.4930343602435907,-0.03263581873951376,-0.012659778718723163,-0.17385526009783772,-0.000865351361159737,0.15858821605346898
14.120706322380402,2.4947432454996767,-0.03267522533276415,-0.013361467403703125,-0.17463044724574978,-0.0005829351663672,0.17122951045785445
14.119953331536818,2.4961839226976954,-0.032875274304733214,-0.01093139725397134,-0.16920202987121563,-0.0035835763476789093,0.18312548579230706
14.121014212681784,2.4959301085688512,-0.03258311534098757,0.013655512431345617,-0.165931228860011,0.017694081182819864,0.16665676313475908
14.121774650530783,2.4948992871090043,-0.03134254248366395,0.010189948450103195,-0.1707828782770243,0.019073074510739318,0.15610129352934546
14.120871964032755,2.493544520327243,-0.03134126529440035,-0.016093476778359993,-0.177968561641328,0.00003670574406826873,0.16877410255856823
14.119727373565146,2.495484725088745,-0.03133751547554249,-0.01745624230057409,-0.17939072961376423,0.00008780646685568672,0.1869029811090253
14.121905804307477,2.493378600696452,-0.0315560583655409,-0.011949745264131761,-0.17615211603341685,-0.002360309014017815,0.1546164061046984
14.120873315616647,2.4934628130984295,-0.03157978362775435,-0.016113992321576336,-0.17800188340907036,0.00003924194666336676,0.16912092688142027
14.120779981522338,2.4967064210740855,-0.031665453563576224,0.04390537978457687,-0.2376942114689695,-0.005279489367755686,0.1705447054672241
14.122032510302928,2.49292698072223,-0.03184671722747253,-0.012671639131110699,-0.17428882291460196,-0.00023230044639386643,0.15293307459023825
14.121040198172995,2.493320117095942,-0.03185949655975823,-0.015604342460841449,-0.17720717609572811,-0.00024308832492267132,0.1666143023348303
14.120011455532847,2.4957839214811233,-0.03189983978036352,-0.014334412169956144,-0.17433454011685837,-0.0018438013355048064,0.18270056557228936
14.122282136851254,2.493236172270914,-0.03226121079577966,-0.011191718400782029,-0.17081137144168665,-0.0022164769569140673,0.15021434641194065
14.12137159547553,2.4932104944465885,-0.032351822529374734,-0.014580819016417305,-0.17538021518933591,-0.0010275647913990274,0.1623961480036052
14.120414362499647,2.4955560359794218,-0.032449248223718974,-0.013255713473667254,-0.17238640271844288,-0.002720753493248462,0.17698368974693518
14.121003524997843,2.4962710886841615,-0.032466780899426124,0.014977084471183073,-0.16492992853599828,0.01802293966715698,0.16783602338219097
14.12181833047754,2.4950373976456595,-0.031173678007846078,0.010883317176155866,-0.1709684390485983,0.01995492197089221,0.1561752619633855
14.120898774402423,2.493665760055201,-0.031167743001458054,-0.01644739254565288,-0.1783335157405243,0.000011595165833804191,0.16941727283504598
14.120753761158287,2.4968381334146454,-0.03121819553491226,0.04357671523851127,-0.23761059901443138,-0.003194509202016961,0.1716589667031544
14.121924974663866,2.493027086695563,-0.031368363931087516,-0.01510602036852264,-0.17600582336949275,-0.0009541544916171315,0.15474040875235093
14.120834696210567,2.4935368395723616,-0.03137157708135396,-0.01690739193657162,-0.17880864300849547,0.000033097836577501594,0.1704445681748738
14.120704770048091,2.4968975129872435,-0.03144235220627984,0.043665824071664444,-0.23766948707615101,-0.004393287113282724,0.1724788900127983
14.121945943327647,2.4931037698435268,-0.03158165783948148,-0.013100350427982847,-0.17495904497538978,-0.000029766330971109497,0.15444183883200568
14.120900159412729,2.493522476254235,-0.031596523158427606,-0.01654582566899523,-0.17817617122799448,-0.00037517383550504316,0.16943026620756185
14.120790574066467,2.4968216781895833,-0.03171688882163967,0.043659769591697255,-0.23746418312562814,-0.006017285924499285,0.1711329654366616
14.122088645189779,2.49305509794901,-0.03193092485286716,-0.012517654032862122,-0.17388764229903172,-0.0004817261224574504,0.15274981141683827
14.12111787391759,2.493463641547688,-0.03196277949962927,-0.015082127491123042,-0.17658210670597874,-0.0003440321829915343,0.1665242515690619
14.12016151135811,2.4960320197258126,-0.03205602765227484,-0.013174162297847337,-0.17229131019669527,-0.002734697420142355,0.18175078975076112
14.123398353153899,2.4931343789604608,-0.03152318782295099,-0.006223111133655635,-0.1680752162358384,-0.000024513752447590943,0.13768666194737902
14.122538427217634,2.492405829184556,-0.0316299558536524,-0.014378063855697263,-0.17772005825587112,-0.0015127327361130081,0.14708805282590118
14.121499886511236,2.493018457055486,-0.03165372061488097,-0.01591762992982464,-0.177697100216383,-0.00006490703180306293,0.16092892430816857
14.120426623176064,2.495108273375807,-0.031655824309870864,-0.016182681244418497,-0.17797456887521682,-0.00005633945977309988,0.17746232573842521
14.12263552793205,2.4938261724040514,-0.03197531468741087,-0.005805785043107079,-0.17203440740267487,-0.003658854045668218,0.14610033351158
14.121811720779265,2.4930489351350618,-0.03200673627281918,-0.013562780791110878,-0.1754667311436026,0.000056568501654054686,0.15690992807037446
14.1208449505361,2.493810019691278,-0.03201660734305293,-0.014728940284356899,-0.17661386636652365,-0.00022429652084677255,0.17139822610062014
14.120920461145198,2.4969277477936784,-0.032247012669498046,0.045463616338657815,-0.23506461337326134,-0.009197790403635053,0.1702253286407932
14.12323833375981,2.492583924585774,-0.031588735166297156,-0.010308022106850265,-0.17241275058485392,-0.00051236800479642,0.13928312973064993
14.122325430981384,2.492551764291379,-0.031684860987827156,-0.014724282935166814,-0.17691666318469815,-0.0006785565382936876,0.15000958760401054
14.121294535062992,2.4933078991803437,-0.031688047950002726,-0.015670745491470864,-0.17755980776005442,0.00004114964541882932,0.16449784088392086
14.120265330623273,2.4958110251730177,-0.03171435840845705,-0.014332797789921936,-0.17454061157592238,-0.0016429455406890155,0.18088959737000154
14.122429423937046,2.4932584876596042,-0.03210910551562905,-0.012277259050382768,-0.17088156605555804,-0.003239469278248563,0.148556834199317
14.121487491864512,2.493250857108087,-0.03220899988114984,-0.014644389260937554,-0.17542018211936605,-0.00107309887608575,0.16142856975899142
14.120520868497842,2.495604441597308,-0.03230491587491628,-0.013419023237139874,-0.17259282315565275,-0.0026780315754074166,0.17641275990854444
14.122653977168074,2.495331159541968,-0.0328150795766035,0.10801406065911144,-0.28820447735118404,-0.01220235309079231,0.14579719651387915
14.123015145590186,2.4925716080996656,-0.032087634469561754,-0.01086277408678398,-0.17543811683595686,-0.002850351831257124,0.14162737994388855
14.12218705881747,2.492809900644106,-0.032237432817308134,-0.013212426610234475,-0.17540826387901357,-0.0015293184959773829,0.15169545754531744
14.121246324361902,2.4934505214018645,-0.032291115110954026,-0.014321888658438463,-0.17545451336667228,-0.0007178302563911705,0.16504867523431196
14.12034457518801,2.495977866467555,-0.032410238573589774,-0.012316946754998918,-0.1709866722034424,-0.00318359509369852,0.17934998377416952
14.121385636438106,2.495872646286289,-0.032038446075727305,0.013838429529647658,-0.16708320024259615,0.019027909910105095,0.16297918357022287
14.121814267626664,2.494164008252106,-0.031038587091417495,-0.010032598102426592,-0.17207666414917913,0.0003844904834701281,0.15677980147047996
14.120765299196325,2.4938227127822388,-0.031037908650742692,-0.01726453992087552,-0.17914096186174244,0.000046546467495324466,0.17252352974826965
14.122699584760497,2.495287454850013,-0.031133233140656316,0.10798521869513149,-0.28866972290935267,-0.003059893912322314,0.14524548824556513
14.121841142658326,2.4930374639565147,-0.031198200375411825,-0.015581059059751297,-0.17748561916987207,0.00005770315634662146,0.15661159028099267
14.120709804524118,2.4938120870871865,-0.031196375666956787,-0.017367060921624707,-0.17926774919900273,0.00002130329196977995,0.17374971360104866
14.122653288387617,2.495376714980176,-0.031331254832914636,0.10801987260476593,-0.2886998904290569,-0.004264253730163872,0.14591110035430863
14.121837015570403,2.4931324134740596,-0.03138376973482718,-0.014847167012142821,-0.17671293927252846,-0.000009895028256181748,0.15716260858129213
14.120763899467855,2.4938645326888866,-0.03138094133493325,-0.01648694860912446,-0.1783690047695567,0.000045966946359066415,0.1734840088766933
14.122784261558719,2.495300271593172,-0.031601211674186384,0.10816181772243011,-0.28852998032237903,-0.006161143498009128,0.14471687274363124
14.122029250406626,2.4930719841704936,-0.03170549921208164,-0.01385417788688224,-0.17572117516485014,-0.0002862999208664432,0.15470424663518803
14.121023902141383,2.4937460889502407,-0.03172013123315361,-0.015558551971770565,-0.17708415128500618,-0.0003236860601349119,0.16978688276929393
14.123080273178815,2.4950751731446292,-0.03203489905311103,0.10826012714480585,-0.2886108538119352,-0.00871612758622625,0.1412747134659783
14.122412748757807,2.4929252162679147,-0.03218960473420724,-0.012310004817374882,-0.17408675108790597,-0.0008662168060682681,0.1498056246464851
14.12152602069528,2.4934706789962386,-0.03221400964941276,-0.013654420132037236,-0.17515767237405933,-0.0003487143995916372,0.16257183101426606
14.120665222522577,2.495941686874726,-0.03230706868990491,-0.011733498252763978,-0.17081546905565795,-0.002772894567701465,0.1763504785934042
14.121724779844092,2.495802854249221,-0.03193225605236581,0.013933430856206718,-0.16699680238438722,0.019038324228055365,0.1596010962814165
14.122159729744336,2.4940888597115762,-0.030931835532198488,-0.009943485253120863,-0.17198750983445624,0.0003871787599036472,0.15328495165794026
14.121116356619272,2.493742286368217,-0.03093213219506375,-0.01716810862651474,-0.17906923920218057,0.000027409584866465474,0.16900751702112618
14.120952821696413,2.4970711667297714,-0.030980078971211182,0.043460085576485875,-0.23760900196196763,-0.003066824349507436,0.1716679424764995
14.122149090666365,2.493263913262858,-0.031112106093153295,-0.014769057765808764,-0.1760001215979226,-0.0006130020940798976,0.15360988896719363
14.12105742002022,2.493772963030979,-0.03111015057057692,-0.017018300056129206,-0.17890931431003243,0.000041126449983792814,0.1702526825945371
14.123012715298517,2.495280798910804,-0.03125315246982893,0.10809598367861344,-0.28877010103704115,-0.004510872869968493,0.14218252038404974
14.12218929502665,2.493065129257958,-0.03132324326541612,-0.014883358370980015,-0.17646210782216643,-0.0002669020121176077,0.1539471911228231
14.121137556934718,2.493805042910523,-0.031320452640870265,-0.01612421742402652,-0.17801539598017843,0.00003986757145848421,0.17003993564744796
14.12317333714388,2.4952044372120787,-0.03156239713719883,0.10825193637640344,-0.2886146400997188,-0.006843864010146644,0.1409883024360454
14.122467185307281,2.492976837161369,-0.03165373036294795,-0.01339494762256316,-0.17511211481665478,-0.00018415215280531897,0.15037416198496287
14.1214779419416,2.4936238585027946,-0.031684544639315436,-0.015125552990448808,-0.1766528585328953,-0.00033983117931120496,0.1651550555459188
14.121490746194194,2.4967924805266475,-0.03187458379160776,0.04499268351253468,-0.2357347819507115,-0.00864929592739464,0.1649729398861621
14.123794507605753,2.492480830034576,-0.031206934465006973,-0.010777847374788955,-0.17323310583039914,-0.0009697156984804283,0.13403013697134555
14.12285972952085,2.4924773190756384,-0.03131892364862203,-0.01503797617789452,-0.17738415850619757,-0.0009000192443580313,0.1450917945995902
14.12180198906317,2.4932313863764066,-0.03132804025971091,-0.016056848142916576,-0.1778975108752837,-0.000005955222093124719,0.16015860149385597
14.120721583194172,2.4953509305449373,-0.03132964413808014,-0.01628421516346676,-0.1780690322599938,-0.00006595874941396926,0.17765360680210773
14.122969827739636,2.493256805082281,-0.03164466647712065,-0.010992923877249847,-0.1717800718326757,-0.0015753583504595568,0.14382680275511606
14.12206727659139,2.4932109602880255,-0.031664646025276154,-0.014498288260278965,-0.17628130096749436,-0.00024295679515824565,0.15655216383660558
14.121077797881107,2.495149870747728,-0.03167124288035029,-0.014969302788054037,-0.17670470578785485,-0.00011676337023362618,0.17227087128300056
14.123337216274342,2.493759029997019,-0.03208143767055675,-0.004659796496899726,-0.17235390466233189,-0.004693159530248391,0.13978399434990574
14.122551854631789,2.493070116010463,-0.03220484425685338,-0.01268641043214166,-0.17365903911296032,-0.0010654631204018157,0.15035759623295258
14.12167250390521,2.4947851654295277,-0.03225938219520172,-0.013355789954607237,-0.17438694521752757,-0.0008235456454624823,0.1637420589932108
14.120920782994624,2.4962261451134093,-0.03247670156768605,-0.010903761382221098,-0.16890613682507763,-0.003854808829827382,0.17620389587402893
14.121973208163201,2.4959747215088797,-0.03221875593052483,0.013461861042676783,-0.16556680884939257,0.017144925793611415,0.15902599946040563
14.122723427162944,2.4949586942588104,-0.031017471081476934,0.010060858203457106,-0.17029020993670185,0.018458762871147255,0.14795632760137462
14.121860618307833,2.4935943611323377,-0.03101396104677629,-0.01548181192035127,-0.17737130711079893,0.00003027002082080145,0.16079302515156454
14.121771779784185,2.4966607132400935,-0.03109014230261207,0.04395191693217858,-0.2376502248561014,-0.004785991778025843,0.16220305084675868
14.123017444343986,2.4928610934954114,-0.03126257586218127,-0.0129873663321957,-0.17468168970156303,-0.0001491330208433033,0.14390493271589733
14.122013874481995,2.4932747940912336,-0.03125959192767604,-0.015721858730488716,-0.17761200314188905,0.000041430552951822786,0.1584102003585676
14.120945682865747,2.4953398146896837,-0.031257460242338435,-0.016131322821818058,-0.1779920071349325,0.00000874828871897388,0.17584787746341599
14.123188606407009,2.4932421545317536,-0.0315582014659772,-0.011197983437689178,-0.1716182228083142,-0.0015544323211874522,0.14192269822545456
14.122285172434285,2.4931983623551397,-0.0315817251813864,-0.014551827328305435,-0.1763812141320465,-0.000392690795838665,0.15478258039333934
14.121286971345409,2.495143660975592,-0.03160246030649675,-0.015107895472636787,-0.17664316967711807,-0.0003175535078329982,0.1707638169172092
14.124401097055047,2.494377326331718,-0.031101857203302656,0.046971972118025354,-0.16553300392540568,0.05053484180503175,0.12797429478287312
14.123681736624212,2.492316426770637,-0.031203107633309166,-0.013610049719144745,-0.1778517161739182,-0.0023525870279073177,0.13577255027258064
14.122680288043533,2.4927409185624585,-0.031266572450019396,-0.015706274828817677,-0.1772573525147055,-0.00029556963811860014,0.14899206525980424
14.12161500051282,2.493690036690986,-0.031275869808853676,-0.016081477174949316,-0.17780402618055693,-0.00012763795511291275,0.16540331482679804
14.121577927758487,2.4969919966299954,-0.03142653444866855,0.04472342455355734,-0.23576423375051497,-0.006849100493065246,0.1660333290909233
14.123841399144077,2.492605592672416,-0.030686357670516463,-0.01218773679596386,-0.17361824434505038,-0.00004738195656118904,0.1339516955026982
14.122768978577907,2.492553916459212,-0.030684547417807094,-0.017367793181049418,-0.17925660551758213,-0.000009626601811452322,0.1477749827971621
14.121572214285475,2.4936020291563334,-0.030686789627626332,-0.018104620159379713,-0.17992944932254692,-0.00001809877564220154,0.16614599594136953
14.121384356408129,2.4971339894606364,-0.0307406140961544,0.04325379022905707,-0.23759974930596675,-0.0031214326278121173,0.16925834854477242
14.122578824612368,2.493333568242427,-0.03087491373891666,-0.014755334192687349,-0.17594179206019478,-0.0006595526381590101,0.15074048414732252
14.121491424649733,2.493842558532691,-0.030873618663660736,-0.01693942516370059,-0.1788291041106689,0.000041339755307911686,0.1678356755811576
14.123450221474238,2.49534227728887,-0.031020945084294437,0.10811642708027101,-0.28878158626631195,-0.004646466282346115,0.13875871840355408
14.122641736249813,2.4930787074872307,-0.031083430957039998,-0.01452050580859717,-0.17641352798665072,0.000032288814712143215,0.14991125572403294
14.121558212106539,2.4937971707178606,-0.03110673050389566,-0.01654318963255852,-0.17812498889394077,-0.00026483768253251946,0.16685594246764043
14.123572952305835,2.4952339050200543,-0.03136044524134297,0.10804107429089044,-0.28840235409721865,-0.0068816698260463875,0.13732982288665918
14.122782398027722,2.4930358501621983,-0.031522153146963265,-0.014449945164895422,-0.17503903817319647,-0.001261511713172867,0.14836524193178877
14.121778383028545,2.4937466886368003,-0.03157602509106273,-0.015248452499875319,-0.17636610459551336,-0.0007343969495150532,0.16392660625058036
14.121826100267025,2.4968967089301657,-0.03184082367815524,0.04514002948939733,-0.23477231539820528,-0.009593475972609171,0.16317274031551887
